uniqueID,type,title,location,captions
ep121,national,Single Mom wants Sparkle,GA,https://www.youtube.com/api/timedtext?v=vjsfYNZgd-8&asr_langs=de%2Cen%2Ces%2Cfr%2Cid%2Cit%2Cja%2Cko%2Cnl%2Cpt%2Cru%2Ctr%2Cvi&caps=asr&exp=xftt%2Cxctw&xorp=true&xoaf=5&hl=en-GB&ip=0.0.0.0&ipbits=0&expire=1629928076&sparams=ip%2Cipbits%2Cexpire%2Cv%2Casr_langs%2Ccaps%2Cexp%2Cxorp%2Cxoaf&signature=36A8E566345BBD47A91368E380CB4624EB24D963.3BF9F07244753A238CDA0EB60C634BABBAC70DF2&key=yt8&lang=en&at=1&cc&fmt=json3&xorb=2&xobt=3&xovt=3
ep122,national,"First Child in Washington, DC",DC,https://www.youtube.com/api/timedtext?v=M7eOOZFIPsc&asr_langs=de%2Cen%2Ces%2Cfr%2Cid%2Cit%2Cja%2Cko%2Cnl%2Cpt%2Cru%2Ctr%2Cvi&caps=asr&exp=xftt%2Cxctw&xorp=true&xoaf=5&hl=en-GB&ip=0.0.0.0&ipbits=0&expire=1629939143&sparams=ip%2Cipbits%2Cexpire%2Cv%2Casr_langs%2Ccaps%2Cexp%2Cxorp%2Cxoaf&signature=0582350D2BB8AC7EC923E50F6C3D4284C024E98C.5038170D9983CC2C27CEDB260FAC66A9469788CF&key=yt8&lang=en&at=1&cc&fmt=json3&xorb=2&xobt=3&xovt=3
ep123,national,Impossible Dreams in LA,CA,https://www.youtube.com/api/timedtext?v=rQ3wKlhyb7w&asr_langs=de%2Cen%2Ces%2Cfr%2Cid%2Cit%2Cja%2Cko%2Cnl%2Cpt%2Cru%2Ctr%2Cvi&caps=asr&exp=xftt%2Cxctw&xorp=true&xoaf=5&hl=en-GB&ip=0.0.0.0&ipbits=0&expire=1629939299&sparams=ip%2Cipbits%2Cexpire%2Cv%2Casr_langs%2Ccaps%2Cexp%2Cxorp%2Cxoaf&signature=1CA3E02E6C0B1119A9A6D7EA657074B2DBE93757.94071DE500D7FBCF0D6118DAFFF8D56DBFEFCCC8&key=yt8&lang=en&at=1&cc&fmt=json3&xorb=2&xobt=3&xovt=3
ep124,national,Country-Fried Compromise,TN,https://www.youtube.com/api/timedtext?v=6lHEfoLcP4A&asr_langs=de%2Cen%2Ces%2Cfr%2Cid%2Cit%2Cja%2Cko%2Cnl%2Cpt%2Cru%2Ctr%2Cvi&caps=asr&exp=xftt%2Cxctw&xorp=true&xoaf=5&hl=en-GB&ip=0.0.0.0&ipbits=0&expire=1629939338&sparams=ip%2Cipbits%2Cexpire%2Cv%2Casr_langs%2Ccaps%2Cexp%2Cxorp%2Cxoaf&signature=6C876584E5E99D3077B3EAFAE3E6047CAC40A072.A5E1E659C070A6D047E3CAB57873B36E1FA71BDD&key=yt8&lang=en&at=1&cc&fmt=json3&xorb=2&xobt=3&xovt=3
ep125,national,Virginia Beach Goth,VA,https://www.youtube.com/api/timedtext?v=W2or525ZoU8&asr_langs=de%2Cen%2Ces%2Cfr%2Cid%2Cit%2Cja%2Cko%2Cnl%2Cpt%2Cru%2Ctr%2Cvi&caps=asr&exp=xftt%2Cxctw&xoaf=4&hl=en-GB&ip=0.0.0.0&ipbits=0&expire=1629939381&sparams=ip%2Cipbits%2Cexpire%2Cv%2Casr_langs%2Ccaps%2Cexp%2Cxoaf&signature=CCCE451A1E414E97640B4FD180F03F09D8C41A46.E576008CD2CF22B6E33C18EA04F51EAE285813D4&key=yt8&lang=en&at=1&cc&fmt=json3&xorb=2&xobt=3&xovt=3
ep126,national,New Jersey Jam,NJ,https://www.youtube.com/api/timedtext?v=wkhKhRUGo5Y&asr_langs=de%2Cen%2Ces%2Cfr%2Cid%2Cit%2Cja%2Cko%2Cnl%2Cpt%2Cru%2Ctr%2Cvi&caps=asr&exp=xftt%2Cxctw&xorp=true&xoaf=5&hl=en-GB&ip=0.0.0.0&ipbits=0&expire=1629939405&sparams=ip%2Cipbits%2Cexpire%2Cv%2Casr_langs%2Ccaps%2Cexp%2Cxorp%2Cxoaf&signature=CB2150BA11252890D37A1EEA4588EBCC5A820827.5BF68BF83BE4D85DEB3C97F526C4B710F012EC56&key=yt8&lang=en&at=1&cc&fmt=json3&xorb=2&xobt=3&xovt=3
ep127,national,Practical vs. Luxury in DC,DC,https://www.youtube.com/api/timedtext?v=h0W60wx_p7Q&asr_langs=de%2Cen%2Ces%2Cfr%2Cid%2Cit%2Cja%2Cko%2Cnl%2Cpt%2Cru%2Ctr%2Cvi&caps=asr&exp=xftt%2Cxctw&xoaf=4&hl=en-GB&ip=0.0.0.0&ipbits=0&expire=1629939444&sparams=ip%2Cipbits%2Cexpire%2Cv%2Casr_langs%2Ccaps%2Cexp%2Cxoaf&signature=7D0035B9DAB77A4DBFEEAC43802DD5D32D0400F6.B8044AEA5114CBF0C137CD2E1E99D1925F18C706&key=yt8&lang=en&at=1&cc&fmt=json3&xorb=2&xobt=3&xovt=3
ep128,national,Outnumbered in Atlanta,GA,https://www.youtube.com/api/timedtext?v=KJwwLBtBnFo&asr_langs=de%2Cen%2Ces%2Cfr%2Cid%2Cit%2Cja%2Cko%2Cnl%2Cpt%2Cru%2Ctr%2Cvi&caps=asr&exp=xftt%2Cxctw&xoaf=4&hl=en-GB&ip=0.0.0.0&ipbits=0&expire=1629939466&sparams=ip%2Cipbits%2Cexpire%2Cv%2Casr_langs%2Ccaps%2Cexp%2Cxoaf&signature=C2A4AD5B650D3746F0078EB944A828C33547BC34.41B7CAB562A24838499D3CACC15BD58175AD2D50&key=yt8&lang=en&at=1&cc&fmt=json3&xorb=2&xobt=3&xovt=3
ep129,national,Seeing a Future in Tacoma,WA,https://www.youtube.com/api/timedtext?v=tdBU4yoSWb0&asr_langs=de%2Cen%2Ces%2Cfr%2Cid%2Cit%2Cja%2Cko%2Cnl%2Cpt%2Cru%2Ctr%2Cvi&caps=asr&exp=xftt%2Cxctw&xorp=true&xoaf=5&hl=en-GB&ip=0.0.0.0&ipbits=0&expire=1629939494&sparams=ip%2Cipbits%2Cexpire%2Cv%2Casr_langs%2Ccaps%2Cexp%2Cxorp%2Cxoaf&signature=6FFBD30F5C73ACDD7FC39D0E6BD22D7E3DE2773F.E79931ADC711A12113FBCE782E679E54B431E579&key=yt8&lang=en&at=1&cc&fmt=json3&xorb=2&xobt=3&xovt=3
ep130,national,Moving Up in Chicago,IL,https://www.youtube.com/api/timedtext?v=z_iJhtHmlLQ&asr_langs=de%2Cen%2Ces%2Cfr%2Cid%2Cit%2Cja%2Cko%2Cnl%2Cpt%2Cru%2Ctr%2Cvi&caps=asr&exp=xftt%2Cxctw&xorp=true&xoaf=5&hl=en-GB&ip=0.0.0.0&ipbits=0&expire=1629939513&sparams=ip%2Cipbits%2Cexpire%2Cv%2Casr_langs%2Ccaps%2Cexp%2Cxorp%2Cxoaf&signature=11B78B71F3F8BC29138267A910633BBA5DB5BE82.A8BD094563A50E7D10F58552F68F19EBB2CD5002&key=yt8&lang=en&at=1&cc&fmt=json3&xorb=2&xobt=3&xovt=3
ep131,national,Get a Groove Back in Charlotte,NC,https://www.youtube.com/api/timedtext?v=7KZ9CThrUKU&asr_langs=de%2Cen%2Ces%2Cfr%2Cid%2Cit%2Cja%2Cko%2Cnl%2Cpt%2Cru%2Ctr%2Cvi&caps=asr&exp=xftt%2Cxctw&xorp=true&xoaf=5&hl=en-GB&ip=0.0.0.0&ipbits=0&expire=1629939528&sparams=ip%2Cipbits%2Cexpire%2Cv%2Casr_langs%2Ccaps%2Cexp%2Cxorp%2Cxoaf&signature=AC5237C2C114A1A56DCAA5561F55F67116226F46.6CF29AC214C64B4FF295977471F97B0C949F3242&key=yt8&lang=en&at=1&cc&fmt=json3&xorb=2&xobt=3&xovt=3
ep132,national,Before the Ring in Philly,PA,https://www.youtube.com/api/timedtext?v=0qYavadAmOI&asr_langs=de%2Cen%2Ces%2Cfr%2Cid%2Cit%2Cja%2Cko%2Cnl%2Cpt%2Cru%2Ctr%2Cvi&caps=asr&exp=xftt%2Cxctw&xorp=true&xoaf=5&hl=en-GB&ip=0.0.0.0&ipbits=0&expire=1629939549&sparams=ip%2Cipbits%2Cexpire%2Cv%2Casr_langs%2Ccaps%2Cexp%2Cxorp%2Cxoaf&signature=B883B948B2E3B3C85C834C23E2307832E3F3F5F3.691D698DF07ED730CB5ACB05AF62348EBAD71133&key=yt8&lang=en&at=1&cc&fmt=json3&xorb=2&xobt=3&xovt=3
ep133,national,Mother vs. Mother in DC,DC,https://www.youtube.com/api/timedtext?v=2YAX8hz-il8&asr_langs=de%2Cen%2Ces%2Cfr%2Cid%2Cit%2Cja%2Cko%2Cnl%2Cpt%2Cru%2Ctr%2Cvi&caps=asr&exp=xftt%2Cxctw&xoaf=4&hl=en-GB&ip=0.0.0.0&ipbits=0&expire=1629939575&sparams=ip%2Cipbits%2Cexpire%2Cv%2Casr_langs%2Ccaps%2Cexp%2Cxoaf&signature=1FF6D717BD1476AF7ADAE697BA33B4E1FD1AA67B.6B14EDA7FF6B84807F230624E50B583784A4A195&key=yt8&lang=en&at=1&cc&fmt=json3&xorb=2&xobt=3&xovt=3
ep134,national,Best Friends Forever in Miami,FL,https://www.youtube.com/api/timedtext?v=hnZc2eBEVT0&asr_langs=de%2Cen%2Ces%2Cfr%2Cid%2Cit%2Cja%2Cko%2Cnl%2Cpt%2Cru%2Ctr%2Cvi&caps=asr&exp=xftt%2Cxctw&xoaf=4&hl=en-GB&ip=0.0.0.0&ipbits=0&expire=1629940565&sparams=ip%2Cipbits%2Cexpire%2Cv%2Casr_langs%2Ccaps%2Cexp%2Cxoaf&signature=A6D5A524813D4B34FD0D93FB50E4DE49F5787FD0.65E07ED834868E5420602AEF68AD73A98CC9CB36&key=yt8&lang=en&at=1&cc&fmt=json3&xorb=2&xobt=3&xovt=3
ep135,national,Visions of Grandeur in Kansas,KS,https://www.youtube.com/api/timedtext?v=hpbshSAjEss&asr_langs=de%2Cen%2Ces%2Cfr%2Cid%2Cit%2Cja%2Cko%2Cnl%2Cpt%2Cru%2Ctr%2Cvi&caps=asr&exp=xftt%2Cxctw&xorp=true&xoaf=5&hl=en-GB&ip=0.0.0.0&ipbits=0&expire=1629940603&sparams=ip%2Cipbits%2Cexpire%2Cv%2Casr_langs%2Ccaps%2Cexp%2Cxorp%2Cxoaf&signature=B237BDA50FADC8A974BD42D74499994FFE2C96B4.35DA158F3D88294121734966D1A5AF4F1A7AC099&key=yt8&lang=en&at=1&cc&fmt=json3&xorb=2&xobt=3&xovt=3
ep136,national,Opposites Attract in DC Area,DC,https://www.youtube.com/api/timedtext?v=kah8tluV2hQ&asr_langs=de%2Cen%2Ces%2Cfr%2Cid%2Cit%2Cja%2Cko%2Cnl%2Cpt%2Cru%2Ctr%2Cvi&caps=asr&exp=xftt%2Cxctw&xorp=true&xoaf=5&hl=en-GB&ip=0.0.0.0&ipbits=0&expire=1629940642&sparams=ip%2Cipbits%2Cexpire%2Cv%2Casr_langs%2Ccaps%2Cexp%2Cxorp%2Cxoaf&signature=03FF5FA3CE24BA1CD29EA4982A5F4EE7229C79E2.7AF2A9E181CAE6C351D673A8793C4F11AE531CEC&key=yt8&lang=en&at=1&cc&fmt=json3&xorb=2&xobt=3&xovt=3
ep137,national,Picky in San Diego,CA,https://www.youtube.com/api/timedtext?v=frfifBhG2Zg&asr_langs=de%2Cen%2Ces%2Cfr%2Cid%2Cit%2Cja%2Cko%2Cnl%2Cpt%2Cru%2Ctr%2Cvi&caps=asr&exp=xftt%2Cxctw&xorp=true&xoaf=5&hl=en-GB&ip=0.0.0.0&ipbits=0&expire=1629940658&sparams=ip%2Cipbits%2Cexpire%2Cv%2Casr_langs%2Ccaps%2Cexp%2Cxorp%2Cxoaf&signature=46C098DE541AAFF9F495E9D63F298190BF8D76FE.5FEBBBD34EC28BAF60968D1C6EE465E6586B8FE4&key=yt8&lang=en&at=1&cc&fmt=json3&xorb=2&xobt=3&xovt=3
ep138,national,Declaring Independence in DC,DC,https://www.youtube.com/api/timedtext?v=6_7fp7hC86I&asr_langs=de%2Cen%2Ces%2Cfr%2Cid%2Cit%2Cja%2Cko%2Cnl%2Cpt%2Cru%2Ctr%2Cvi&caps=asr&exp=xftt%2Cxctw&xorp=true&xoaf=5&hl=en-GB&ip=0.0.0.0&ipbits=0&expire=1629940678&sparams=ip%2Cipbits%2Cexpire%2Cv%2Casr_langs%2Ccaps%2Cexp%2Cxorp%2Cxoaf&signature=34DF1900990F14FCACCF0ADF211C85F53F19F4F0.7398514C6E7A9493A08F223A8419E527E074647F&key=yt8&lang=en&at=1&cc&fmt=json3&xorb=2&xobt=3&xovt=3
ep139,national,Pro and a Novice in Charlotte,NC,https://www.youtube.com/api/timedtext?v=z1OSy_iD7po&asr_langs=de%2Cen%2Ces%2Cfr%2Cid%2Cit%2Cja%2Cko%2Cnl%2Cpt%2Cru%2Ctr%2Cvi&caps=asr&exp=xftt%2Cxctw&xorp=true&xoaf=5&hl=en-GB&ip=0.0.0.0&ipbits=0&expire=1629940698&sparams=ip%2Cipbits%2Cexpire%2Cv%2Casr_langs%2Ccaps%2Cexp%2Cxorp%2Cxoaf&signature=0B1AC49BB397D1C114998D0A28F438DDC5895298.E46311C23B2077B560B78CC04CE114FDE764DC54&key=yt8&lang=en&at=1&cc&fmt=json3&xorb=2&xobt=3&xovt=3
ep140,national,No Open Concept in Illinois,IL,https://www.youtube.com/api/timedtext?v=81rAaZGtxjM&asr_langs=de%2Cen%2Ces%2Cfr%2Cid%2Cit%2Cja%2Cko%2Cnl%2Cpt%2Cru%2Ctr%2Cvi&caps=asr&exp=xftt%2Cxctw&xorp=true&xoaf=5&hl=en-GB&ip=0.0.0.0&ipbits=0&expire=1629940720&sparams=ip%2Cipbits%2Cexpire%2Cv%2Casr_langs%2Ccaps%2Cexp%2Cxorp%2Cxoaf&signature=59C61B53636FC910BFD6DB150D0EF2DA313D0A8A.4A72E27D9D60D4B0B9450663652DC67F79F0F223&key=yt8&lang=en&at=1&cc&fmt=json3&xorb=2&xobt=3&xovt=3
ep141,national,Style vs. Substance,OH,https://www.youtube.com/api/timedtext?v=sjROU-b7PZM&asr_langs=de%2Cen%2Ces%2Cfr%2Cid%2Cit%2Cja%2Cko%2Cnl%2Cpt%2Cru%2Ctr%2Cvi&caps=asr&exp=xftt%2Cxctw&xorp=true&xoaf=5&hl=en-GB&ip=0.0.0.0&ipbits=0&expire=1629940942&sparams=ip%2Cipbits%2Cexpire%2Cv%2Casr_langs%2Ccaps%2Cexp%2Cxorp%2Cxoaf&signature=A647197730713006EEA9ADDA79821BF81D3790D0.85CE4C88BDC01E722BF605D854545DFF83D19C91&key=yt8&lang=en&at=1&cc&fmt=json3&xorb=2&xobt=3&xovt=3
ep142,national,A Fresh Start in Atlanta,GA,https://www.youtube.com/api/timedtext?v=lJkjioPCIvk&asr_langs=de%2Cen%2Ces%2Cfr%2Cid%2Cit%2Cja%2Cko%2Cnl%2Cpt%2Cru%2Ctr%2Cvi&caps=asr&exp=xftt%2Cxctw&xorp=true&xoaf=5&hl=en-GB&ip=0.0.0.0&ipbits=0&expire=1629940960&sparams=ip%2Cipbits%2Cexpire%2Cv%2Casr_langs%2Ccaps%2Cexp%2Cxorp%2Cxoaf&signature=1078E7211A618AAAF2CD485E6BC4AE0E1094E43C.4E764D565A70F4F761178409631B4171F7E7C1FD&key=yt8&lang=en&at=1&cc&fmt=json3&xorb=2&xobt=3&xovt=3
ep143,national,Military Mom on a Mission,VA,https://www.youtube.com/api/timedtext?v=H-1ICQ1NY_U&asr_langs=de%2Cen%2Ces%2Cfr%2Cid%2Cit%2Cja%2Cko%2Cnl%2Cpt%2Cru%2Ctr%2Cvi&caps=asr&exp=xftt%2Cxctw&xorp=true&xoaf=5&hl=en-GB&ip=0.0.0.0&ipbits=0&expire=1629940973&sparams=ip%2Cipbits%2Cexpire%2Cv%2Casr_langs%2Ccaps%2Cexp%2Cxorp%2Cxoaf&signature=85D3A38128026BB980283191CA29881B5D0D9B3A.6F9A4F9C06115DAD3BF0B9FD745ADAE0BC9016BE&key=yt8&lang=en&at=1&cc&fmt=json3&xorb=2&xobt=3&xovt=3
ep144,national,First Home in California,CA,https://www.youtube.com/api/timedtext?v=W3WjP_9aOgw&asr_langs=de%2Cen%2Ces%2Cfr%2Cid%2Cit%2Cja%2Cko%2Cnl%2Cpt%2Cru%2Ctr%2Cvi&caps=asr&exp=xftt%2Cxctw&xorp=true&xoaf=5&hl=en-GB&ip=0.0.0.0&ipbits=0&expire=1629940989&sparams=ip%2Cipbits%2Cexpire%2Cv%2Casr_langs%2Ccaps%2Cexp%2Cxorp%2Cxoaf&signature=2B559D79A17A7445B9360BD0D2E7A3A48EACB985.E5589DCA2071877C0049B0A64141C0461F1BD83D&key=yt8&lang=en&at=1&cc&fmt=json3&xorb=2&xobt=3&xovt=3
ep145,national,City or Suburbs in DC,DC,https://www.youtube.com/api/timedtext?v=HfLbyUYY3xc&asr_langs=de%2Cen%2Ces%2Cfr%2Cid%2Cit%2Cja%2Cko%2Cnl%2Cpt%2Cru%2Ctr%2Cvi&caps=asr&exp=xftt%2Cxctw&xorp=true&xoaf=5&hl=en-GB&ip=0.0.0.0&ipbits=0&expire=1629941015&sparams=ip%2Cipbits%2Cexpire%2Cv%2Casr_langs%2Ccaps%2Cexp%2Cxorp%2Cxoaf&signature=73792A4757F7D68BD203CEE49506A1A9672BD709.328FE639FE32B4611BC0B9D23FC5E5B579F4FD9C&key=yt8&lang=en&at=1&cc&fmt=json3&xorb=2&xobt=3&xovt=3
ep146,national,California Firefighters Dream,CA,https://www.youtube.com/api/timedtext?v=VK006p3tlng&asr_langs=de%2Cen%2Ces%2Cfr%2Cid%2Cit%2Cja%2Cko%2Cnl%2Cpt%2Cru%2Ctr%2Cvi&caps=asr&exp=xftt%2Cxctw&xorp=true&xoaf=5&hl=en-GB&ip=0.0.0.0&ipbits=0&expire=1629941030&sparams=ip%2Cipbits%2Cexpire%2Cv%2Casr_langs%2Ccaps%2Cexp%2Cxorp%2Cxoaf&signature=9029D9A4C071DF87AD2D4C056AFB4C199785CD4A.34F95E9509FF272995E4FB64ACAD158ADE2A0E9F&key=yt8&lang=en&at=1&cc&fmt=json3&xorb=2&xobt=3&xovt=3
ep147,national,Looking for a Larger Home,NA,https://www.youtube.com/api/timedtext?v=sWKGhLxX8Io&asr_langs=de%2Cen%2Ces%2Cfr%2Cid%2Cit%2Cja%2Cko%2Cnl%2Cpt%2Cru%2Ctr%2Cvi&caps=asr&exp=xftt%2Cxctw&xorp=true&xoaf=5&hl=en-GB&ip=0.0.0.0&ipbits=0&expire=1629944801&sparams=ip%2Cipbits%2Cexpire%2Cv%2Casr_langs%2Ccaps%2Cexp%2Cxorp%2Cxoaf&signature=BA6E4B10CA856280ED767930D66DE8D140539581.A1A76564B600FF997670EEEC5E8CA8F18C78CEAC&key=yt8&lang=en&fmt=json3&xorb=2&xobt=3&xovt=3
ep148,national,Condominium Search,NA,https://www.youtube.com/api/timedtext?v=VuOZhi28HJ8&asr_langs=de%2Cen%2Ces%2Cfr%2Cid%2Cit%2Cja%2Cko%2Cnl%2Cpt%2Cru%2Ctr%2Cvi&caps=asr&exp=xftt%2Cxctw&xorp=true&xoaf=5&hl=en-GB&ip=0.0.0.0&ipbits=0&expire=1629945145&sparams=ip%2Cipbits%2Cexpire%2Cv%2Casr_langs%2Ccaps%2Cexp%2Cxorp%2Cxoaf&signature=D0B25E8B442A99C7DBDE411BB31A46F88506AD1F.3C3E1C1800FFF9DC44D24D5C931F68BAA805250D&key=yt8&lang=en&fmt=json3&xorb=2&xobt=3&xovt=3
ep149,national,A Home to Call Their Own,NA,https://www.youtube.com/api/timedtext?v=F83DV6gUt9A&asr_langs=de%2Cen%2Ces%2Cfr%2Cid%2Cit%2Cja%2Cko%2Cnl%2Cpt%2Cru%2Ctr%2Cvi&caps=asr&exp=xftt%2Cxctw&xorp=true&xoaf=5&hl=en-GB&ip=0.0.0.0&ipbits=0&expire=1629945234&sparams=ip%2Cipbits%2Cexpire%2Cv%2Casr_langs%2Ccaps%2Cexp%2Cxorp%2Cxoaf&signature=124DC6F04801DF877BBCB6AD02CF889DFABBF79F.E5DBF97B5BF106F8E8F8B53327F940F3FF35D93A&key=yt8&lang=en&fmt=json3&xorb=2&xobt=3&xovt=3
ep150,national,First-Time Homeowners,NA,https://www.youtube.com/api/timedtext?v=RfeTA0GQhZ0&asr_langs=de%2Cen%2Ces%2Cfr%2Cid%2Cit%2Cja%2Cko%2Cnl%2Cpt%2Cru%2Ctr%2Cvi&caps=asr&exp=xftt%2Cxctw&xorp=true&xoaf=5&hl=en-GB&ip=0.0.0.0&ipbits=0&expire=1629945261&sparams=ip%2Cipbits%2Cexpire%2Cv%2Casr_langs%2Ccaps%2Cexp%2Cxorp%2Cxoaf&signature=07FBFEBF31F9BDD33FDD65A863FA9233444E444B.B46567109B6A16FE49C5EA926DC6064B402C85C3&key=yt8&lang=en&fmt=json3&xorb=2&xobt=3&xovt=3
ep151,national,Beachfront Hopes,NA,https://www.youtube.com/api/timedtext?v=bj6cuMP4g6M&asr_langs=de%2Cen%2Ces%2Cfr%2Cid%2Cit%2Cja%2Cko%2Cnl%2Cpt%2Cru%2Ctr%2Cvi&caps=asr&exp=xftt%2Cxctw&xorp=true&xoaf=5&hl=en-GB&ip=0.0.0.0&ipbits=0&expire=1629945292&sparams=ip%2Cipbits%2Cexpire%2Cv%2Casr_langs%2Ccaps%2Cexp%2Cxorp%2Cxoaf&signature=EEE05037C894B2D6A8D0AC4DFA2670B9276A6008.58C2AC00F7D09F76FC25AB1DB465499CE8987060&key=yt8&lang=en&fmt=json3&xorb=2&xobt=3&xovt=3
ep152,national,Home Downsizing,NA,https://www.youtube.com/api/timedtext?v=64ctRJITfA0&asr_langs=de%2Cen%2Ces%2Cfr%2Cid%2Cit%2Cja%2Cko%2Cnl%2Cpt%2Cru%2Ctr%2Cvi&caps=asr&exp=xftt%2Cxctw&xorp=true&xoaf=5&hl=en-GB&ip=0.0.0.0&ipbits=0&expire=1629945325&sparams=ip%2Cipbits%2Cexpire%2Cv%2Casr_langs%2Ccaps%2Cexp%2Cxorp%2Cxoaf&signature=C1502DE59182BACE46E96F98CD918B39B944C383.B38A068A2A46CD299846B79A1B1AC8712A6A53FA&key=yt8&lang=en&fmt=json3&xorb=2&xobt=3&xovt=3
ep153,national,Moving Back to the City,NA,https://www.youtube.com/api/timedtext?v=x248g_YhCaA&asr_langs=de%2Cen%2Ces%2Cfr%2Cid%2Cit%2Cja%2Cko%2Cnl%2Cpt%2Cru%2Ctr%2Cvi&caps=asr&exp=xftt%2Cxctw&xorp=true&xoaf=5&hl=en-GB&ip=0.0.0.0&ipbits=0&expire=1629945344&sparams=ip%2Cipbits%2Cexpire%2Cv%2Casr_langs%2Ccaps%2Cexp%2Cxorp%2Cxoaf&signature=6958D072D77E78D369D198647D4AE5876140CBD7.20D7407A1074AF3520F1F81AFCA3F07E57593D67&key=yt8&lang=en&fmt=json3&xorb=2&xobt=3&xovt=3
ep154,national,Family Growth Prompts Move,NA,https://www.youtube.com/api/timedtext?v=uSsS5-7yOoo&asr_langs=de%2Cen%2Ces%2Cfr%2Cid%2Cit%2Cja%2Cko%2Cnl%2Cpt%2Cru%2Ctr%2Cvi&caps=asr&exp=xftt%2Cxctw&xorp=true&xoaf=5&hl=en-GB&ip=0.0.0.0&ipbits=0&expire=1629945372&sparams=ip%2Cipbits%2Cexpire%2Cv%2Casr_langs%2Ccaps%2Cexp%2Cxorp%2Cxoaf&signature=12C594026214E87C87136733F452C2106D362AEF.9E94A3F07CCB7F0B60550B2FC5055F00BE3D0386&key=yt8&lang=en&fmt=json3&xorb=2&xobt=3&xovt=3
ep155,national,First American Home,NA,https://www.youtube.com/api/timedtext?v=GEX7KvGTd6k&asr_langs=de%2Cen%2Ces%2Cfr%2Cid%2Cit%2Cja%2Cko%2Cnl%2Cpt%2Cru%2Ctr%2Cvi&caps=asr&exp=xftt%2Cxctw&xorp=true&xoaf=5&hl=en-GB&ip=0.0.0.0&ipbits=0&expire=1629945387&sparams=ip%2Cipbits%2Cexpire%2Cv%2Casr_langs%2Ccaps%2Cexp%2Cxorp%2Cxoaf&signature=1B0C255C845A78433BAE2F45DB19A3FC202614F4.579C83ADF90AE130C2A3A2E9DA30266E9EA8D37C&key=yt8&lang=en&fmt=json3&xorb=2&xobt=3&xovt=3
ep156,national,Moving Closer to the Children,NA,https://www.youtube.com/api/timedtext?v=mZvwJ0H_0SQ&asr_langs=de%2Cen%2Ces%2Cfr%2Cid%2Cit%2Cja%2Cko%2Cnl%2Cpt%2Cru%2Ctr%2Cvi&caps=asr&exp=xftt%2Cxctw&xorp=true&xoaf=5&hl=en-GB&ip=0.0.0.0&ipbits=0&expire=1629945404&sparams=ip%2Cipbits%2Cexpire%2Cv%2Casr_langs%2Ccaps%2Cexp%2Cxorp%2Cxoaf&signature=1CC8F432DA9A58BB9E7D0F0D59B7C4D3E4AF27E6.493FC0AEA8B663649289D9AB33F0F87DAFF48F0A&key=yt8&lang=en&fmt=json3&xorb=2&xobt=3&xovt=3
ep157,national,Securing a Mortgage,NA,https://www.youtube.com/api/timedtext?v=ZVB30rLLsYQ&asr_langs=de%2Cen%2Ces%2Cfr%2Cid%2Cit%2Cja%2Cko%2Cnl%2Cpt%2Cru%2Ctr%2Cvi&caps=asr&exp=xftt%2Cxctw&xorp=true&xoaf=5&hl=en-GB&ip=0.0.0.0&ipbits=0&expire=1629945425&sparams=ip%2Cipbits%2Cexpire%2Cv%2Casr_langs%2Ccaps%2Cexp%2Cxorp%2Cxoaf&signature=1F6BB491BFD98F2707C3CBB5ED1385413773A492.DAB2DF6FFD12362739584733828B27FC2142EF45&key=yt8&lang=en&fmt=json3&xorb=2&xobt=3&xovt=3
ep158,national,In Search of a Suitable House,NA,https://www.youtube.com/api/timedtext?v=A7OOAtzGuCY&asr_langs=de%2Cen%2Ces%2Cfr%2Cid%2Cit%2Cja%2Cko%2Cnl%2Cpt%2Cru%2Ctr%2Cvi&caps=asr&exp=xftt%2Cxctw&xorp=true&xoaf=5&hl=en-GB&ip=0.0.0.0&ipbits=0&expire=1629945441&sparams=ip%2Cipbits%2Cexpire%2Cv%2Casr_langs%2Ccaps%2Cexp%2Cxorp%2Cxoaf&signature=4DC76F2B60C22830240AC17DB61E1E7CA8FEEA53.59B74A2AD28C4ABA4F4AC2BA52E22802C789DC05&key=yt8&lang=en&fmt=json3&xorb=2&xobt=3&xovt=3
ep159,national,For Sale by Owner,NA,https://www.youtube.com/api/timedtext?v=3EFjvJgJGgs&asr_langs=de%2Cen%2Ces%2Cfr%2Cid%2Cit%2Cja%2Cko%2Cnl%2Cpt%2Cru%2Ctr%2Cvi&caps=asr&exp=xftt%2Cxctw&xorp=true&xoaf=5&hl=en-GB&ip=0.0.0.0&ipbits=0&expire=1629945457&sparams=ip%2Cipbits%2Cexpire%2Cv%2Casr_langs%2Ccaps%2Cexp%2Cxorp%2Cxoaf&signature=BA0ECE6EA795840470B054FDB953B290D4822530.0BD381448B7A682D7FA7ABE646478C3B446F1BC5&key=yt8&lang=en&fmt=json3&xorb=2&xobt=3&xovt=3
ep160,national,Settling for a Smaller Home,NA,https://www.youtube.com/api/timedtext?v=mUwtdqbgjYg&asr_langs=de%2Cen%2Ces%2Cfr%2Cid%2Cit%2Cja%2Cko%2Cnl%2Cpt%2Cru%2Ctr%2Cvi&caps=asr&exp=xftt%2Cxctw&xorp=true&xoaf=5&hl=en-GB&ip=0.0.0.0&ipbits=0&expire=1629945478&sparams=ip%2Cipbits%2Cexpire%2Cv%2Casr_langs%2Ccaps%2Cexp%2Cxorp%2Cxoaf&signature=1725D6729D085577F4E86899EC66AF9EC4D9DC69.6D7411E7654473D5D21F6795A1C82F3E93EA9F8F&key=yt8&lang=en&fmt=json3&xorb=2&xobt=3&xovt=3
ep161,national,Both Buying and Selling,NA,https://www.youtube.com/api/timedtext?v=sC0WMqIkyXg&asr_langs=de%2Cen%2Ces%2Cfr%2Cid%2Cit%2Cja%2Cko%2Cnl%2Cpt%2Cru%2Ctr%2Cvi&caps=asr&exp=xftt%2Cxctw&xorp=true&xoaf=5&hl=en-GB&ip=0.0.0.0&ipbits=0&expire=1629945493&sparams=ip%2Cipbits%2Cexpire%2Cv%2Casr_langs%2Ccaps%2Cexp%2Cxorp%2Cxoaf&signature=927853218A3A2CD8EB5D28E8A6F360E133139622.D4C93FBB2CABC823F31B53F2C7807B9F5EFE1213&key=yt8&lang=en&fmt=json3&xorb=2&xobt=3&xovt=3
ep162,national,Affordable Home Search,NA,https://www.youtube.com/api/timedtext?v=MP5hATrO5DE&asr_langs=de%2Cen%2Ces%2Cfr%2Cid%2Cit%2Cja%2Cko%2Cnl%2Cpt%2Cru%2Ctr%2Cvi&caps=asr&exp=xftt%2Cxctw&xorp=true&xoaf=5&hl=en-GB&ip=0.0.0.0&ipbits=0&expire=1629945508&sparams=ip%2Cipbits%2Cexpire%2Cv%2Casr_langs%2Ccaps%2Cexp%2Cxorp%2Cxoaf&signature=D766E108516FDE5525ECAC8BD19AE2D05922A5E2.A952E8D7FDA078517451E22AE1B7326632D87D29&key=yt8&lang=en&fmt=json3&xorb=2&xobt=3&xovt=3
ep163,national,Securing a Home Loan,NA,https://www.youtube.com/api/timedtext?v=H5kQpKoOQS8&asr_langs=de%2Cen%2Ces%2Cfr%2Cid%2Cit%2Cja%2Cko%2Cnl%2Cpt%2Cru%2Ctr%2Cvi&caps=asr&exp=xftt%2Cxctw&xorp=true&xoaf=5&hl=en-GB&ip=0.0.0.0&ipbits=0&expire=1629945530&sparams=ip%2Cipbits%2Cexpire%2Cv%2Casr_langs%2Ccaps%2Cexp%2Cxorp%2Cxoaf&signature=9EA5CDAB114240EE0BA2F3A3A3D182E457B82BCA.C31550207CAA44392E8D085D30C3E0E95BFF4F3B&key=yt8&lang=en&fmt=json3&xorb=2&xobt=3&xovt=3
ep164,national,Seeking Homeownership,NA,https://www.youtube.com/api/timedtext?v=VJgAs1QMFqM&asr_langs=de%2Cen%2Ces%2Cfr%2Cid%2Cit%2Cja%2Cko%2Cnl%2Cpt%2Cru%2Ctr%2Cvi&caps=asr&exp=xftt%2Cxctw&xorp=true&xoaf=5&hl=en-GB&ip=0.0.0.0&ipbits=0&expire=1629945552&sparams=ip%2Cipbits%2Cexpire%2Cv%2Casr_langs%2Ccaps%2Cexp%2Cxorp%2Cxoaf&signature=B4E8A76668658720D5D5B4D32E294D033468ACE5.BC11AF2CCEB898AD1C5281A7AEE8EA2341BF89D7&key=yt8&lang=en&fmt=json3&xorb=2&xobt=3&xovt=3
ep165,national,Smaller Home Search,NA,https://www.youtube.com/api/timedtext?v=jDiW7ZyyicE&asr_langs=de%2Cen%2Ces%2Cfr%2Cid%2Cit%2Cja%2Cko%2Cnl%2Cpt%2Cru%2Ctr%2Cvi&caps=asr&exp=xftt%2Cxctw&xorp=true&xoaf=5&hl=en-GB&ip=0.0.0.0&ipbits=0&expire=1629945570&sparams=ip%2Cipbits%2Cexpire%2Cv%2Casr_langs%2Ccaps%2Cexp%2Cxorp%2Cxoaf&signature=40FEABE7CDCC2331A8CE2FA253ACCF9B7F0EA0CA.D416B27A723EEB38C7AB7D5D05B0D15D2F9DC25A&key=yt8&lang=en&fmt=json3&xorb=2&xobt=3&xovt=3
ep166,national,Leaving Apartment Living,NA,https://www.youtube.com/api/timedtext?v=TaUjJkop_tc&asr_langs=de%2Cen%2Ces%2Cfr%2Cid%2Cit%2Cja%2Cko%2Cnl%2Cpt%2Cru%2Ctr%2Cvi&caps=asr&exp=xftt%2Cxctw&xorp=true&xoaf=5&hl=en-GB&ip=0.0.0.0&ipbits=0&expire=1629945588&sparams=ip%2Cipbits%2Cexpire%2Cv%2Casr_langs%2Ccaps%2Cexp%2Cxorp%2Cxoaf&signature=15CC684D0EEC1B3D493A60E578D6350352617343.6CEC3DF54688ED1AAFE704894C52345E2E1E6F45&key=yt8&lang=en&fmt=json3&xorb=2&xobt=3&xovt=3
ep167,national,Maintenance-Free Yard,NA,https://www.youtube.com/api/timedtext?v=KClK2aJpDR4&asr_langs=de%2Cen%2Ces%2Cfr%2Cid%2Cit%2Cja%2Cko%2Cnl%2Cpt%2Cru%2Ctr%2Cvi&caps=asr&exp=xftt%2Cxctw&xorp=true&xoaf=5&hl=en-GB&ip=0.0.0.0&ipbits=0&expire=1629945620&sparams=ip%2Cipbits%2Cexpire%2Cv%2Casr_langs%2Ccaps%2Cexp%2Cxorp%2Cxoaf&signature=0C5336F60ADF6BF39F188A3D18F38A705F459045.25A3AD3AFD59121D5208B3D2B20E22B8BBCB3EA4&key=yt8&lang=en&fmt=json3&xorb=2&xobt=3&xovt=3
ep168,national,Growth Adjustment,NA,https://www.youtube.com/api/timedtext?v=8CDTOpPrYlA&asr_langs=de%2Cen%2Ces%2Cfr%2Cid%2Cit%2Cja%2Cko%2Cnl%2Cpt%2Cru%2Ctr%2Cvi&caps=asr&exp=xftt%2Cxctw&xorp=true&xoaf=5&hl=en-GB&ip=0.0.0.0&ipbits=0&expire=1629945650&sparams=ip%2Cipbits%2Cexpire%2Cv%2Casr_langs%2Ccaps%2Cexp%2Cxorp%2Cxoaf&signature=C3466F404CC3A324581E71004EA15CC22F44E9BF.8AD397E22C47C8BCBE9706BB23016BE8B4E504D6&key=yt8&lang=en&fmt=json3&xorb=2&xobt=3&xovt=3
ep169,national,Home by the Sea,NA,https://www.youtube.com/api/timedtext?v=9zCjKpEsJyk&asr_langs=de%2Cen%2Ces%2Cfr%2Cid%2Cit%2Cja%2Cko%2Cnl%2Cpt%2Cru%2Ctr%2Cvi&caps=asr&exp=xftt%2Cxctw&xorp=true&xoaf=5&hl=en-GB&ip=0.0.0.0&ipbits=0&expire=1629945673&sparams=ip%2Cipbits%2Cexpire%2Cv%2Casr_langs%2Ccaps%2Cexp%2Cxorp%2Cxoaf&signature=2C063BDEEB04A10E9B6904BEAD8B0DB09616CDB4.0D83528CAC3362A694F7CCD776728217560D75A8&key=yt8&lang=en&fmt=json3&xorb=2&xobt=3&xovt=3
ep170,national,Move-in-Ready House,NA,https://www.youtube.com/api/timedtext?v=d4MlESQ6YK0&asr_langs=de%2Cen%2Ces%2Cfr%2Cid%2Cit%2Cja%2Cko%2Cnl%2Cpt%2Cru%2Ctr%2Cvi&caps=asr&exp=xftt%2Cxctw&xorp=true&xoaf=5&hl=en-GB&ip=0.0.0.0&ipbits=0&expire=1629945695&sparams=ip%2Cipbits%2Cexpire%2Cv%2Casr_langs%2Ccaps%2Cexp%2Cxorp%2Cxoaf&signature=248B06D166967779F841A38952113D209DBCF2B3.E9005A32F59FD87293B358AB9FF192207E5D4128&key=yt8&lang=en&fmt=json3&xorb=2&xobt=3&xovt=3
ep171,national,Downsizing Toward the Ocean,NA,https://www.youtube.com/api/timedtext?v=pOU8LgCt1mo&asr_langs=de%2Cen%2Ces%2Cfr%2Cid%2Cit%2Cja%2Cko%2Cnl%2Cpt%2Cru%2Ctr%2Cvi&caps=asr&exp=xftt%2Cxctw&xorp=true&xoaf=5&hl=en-GB&ip=0.0.0.0&ipbits=0&expire=1629945719&sparams=ip%2Cipbits%2Cexpire%2Cv%2Casr_langs%2Ccaps%2Cexp%2Cxorp%2Cxoaf&signature=A566E9886FA4206D660257996BB5962880A52C75.17AF4037F051E52E8B7E22D21760B00A8501F2A4&key=yt8&lang=en&fmt=json3&xorb=2&xobt=3&xovt=3
ep172,national,Finding a House with a Yard,NA,https://www.youtube.com/api/timedtext?v=a1xVXup1ul0&asr_langs=de%2Cen%2Ces%2Cfr%2Cid%2Cit%2Cja%2Cko%2Cnl%2Cpt%2Cru%2Ctr%2Cvi&caps=asr&exp=xftt%2Cxctw&xorp=true&xoaf=5&hl=en-GB&ip=0.0.0.0&ipbits=0&expire=1629945738&sparams=ip%2Cipbits%2Cexpire%2Cv%2Casr_langs%2Ccaps%2Cexp%2Cxorp%2Cxoaf&signature=27793E189F72838B3D40E3C27C3865B0B4485920.C62D0462FBE7DBC778B134913907A6EAD74F43F3&key=yt8&lang=en&fmt=json3&xorb=2&xobt=3&xovt=3