uniqueID,type,date,title,location,captions
ep001,national,11/28/17,Starting Over in Spokane,WA,https://www.youtube.com/api/timedtext?hl=en_GB&signature=C61293AF57D51C08FD7D6C1754D70E4F82F73013.DA4EA6D51EB96C7A9A165B4C9C501C7CF7746E53&asr_langs=pt%2Ces%2Cnl%2Cfr%2Cru%2Cja%2Cen%2Cko%2Cit%2Cde&key=yttt1&caps=asr&xorp=True&v=18KxusQn9xM&sparams=asr_langs%2Ccaps%2Cv%2Cxorp%2Cexpire&expire=1521317604&kind=asr&lang=en&fmt=srv3
ep002,national,10/10/17,Crowns and Gowns in Florida,FL,https://www.youtube.com/api/timedtext?v=oXhhXKSBoi8&sparams=asr_langs%2Ccaps%2Cv%2Cxorp%2Cexpire&key=yttt1&asr_langs=es%2Cru%2Cit%2Cfr%2Cde%2Cko%2Cja%2Cnl%2Cen%2Cpt&expire=1521317876&signature=3BFB1CA68EB401434091BE2882561AA65BCDD0E9.BED0707CAFB58C358413126A9851958C1AF0C7CC&xorp=True&caps=asr&hl=en_GB&kind=asr&lang=en&fmt=srv3
ep003,national,8/20/17,Sisters Step it Up in Atlanta,GA,https://www.youtube.com/api/timedtext?sparams=asr_langs%2Ccaps%2Cv%2Cxorp%2Cexpire&hl=en_GB&asr_langs=en%2Cko%2Cja%2Cde%2Cru%2Cnl%2Cfr%2Cpt%2Ces%2Cit&signature=640A8BBC9E7748138727E81D1F50830CA770DDF0.3F58A93A95FB83F949332C49C85CBF245D724C65&xorp=True&v=fRseK9yXIeA&caps=asr&key=yttt1&expire=1521317925&kind=asr&lang=en&fmt=srv3
ep004,international,11/28/17,Setting Roots in Rome,IT,https://www.youtube.com/api/timedtext?key=yttt1&expire=1521318020&xorp=True&signature=49D72A5696F9122A27DA2DE367B0B3162CAF2C3E.AF7E2C43C0D403CC11DC86DC395DAA01947DC464&caps=asr&sparams=asr_langs%2Ccaps%2Cv%2Cxorp%2Cexpire&asr_langs=it%2Cko%2Cja%2Cnl%2Cen%2Cpt%2Cfr%2Ces%2Cru%2Cde&hl=en_GB&v=ocHm21DIpA8&kind=asr&lang=en&fmt=srv3
ep005,national,10/13/17,Big Houses for a Big Family ,GA,https://www.youtube.com/api/timedtext?hl=en_GB&asr_langs=ja%2Cnl%2Cen%2Cru%2Cko%2Cde%2Cfr%2Cpt%2Cit%2Ces&key=yttt1&caps=asr&expire=1521318086&xorp=True&signature=82F77CDA15B1566954F6BA8272F445F7555CAE87.D0009B859EC408801BEBD231FC237B8F0F38A347&v=bRzz-LH7ZiI&sparams=asr_langs%2Ccaps%2Cv%2Cxorp%2Cexpire&kind=asr&lang=en&fmt=srv3
ep006,national,11/16/17,From Dorm Room To Dream Home ,VA,https://www.youtube.com/api/timedtext?key=yttt1&xorp=True&v=MtOYG7qV5KY&caps=asr&sparams=asr_langs%2Ccaps%2Cv%2Cxorp%2Cexpire&expire=1521318153&signature=9DE7631A802E80A8DE343E3C22104C197D75254F.C495B7932099F3D9F0FD0B54BFB1457DCAF09E5D&hl=en_GB&asr_langs=it%2Cnl%2Ces%2Cfr%2Cde%2Cko%2Cpt%2Cen%2Cja%2Cru&kind=asr&lang=en&fmt=srv3
ep007,national,8/20/17,Seeking Unique in Seattle,WA,https://www.youtube.com/api/timedtext?caps=asr&asr_langs=nl%2Cja%2Ces%2Cpt%2Cfr%2Cit%2Cde%2Cko%2Cru%2Cen&key=yttt1&expire=1521318589&v=rlSeBvIfoa8&hl=en_GB&sparams=asr_langs%2Ccaps%2Cv%2Cxorp%2Cexpire&xorp=True&signature=A6746806DF35F98EF8D311F057834D0AB82EE3FF.05BDA95B9995C40AFFDF13ADA20EA533AA0A5D&kind=asr&lang=en&fmt=srv3
ep008,national,8/19/17,Wanting Wow in Colorado,CO,https://www.youtube.com/api/timedtext?signature=25D6551ECF20E3E6E4A8CE0ECD51A64ED94FCEBF.B77E991CEB789F00E7A4665C2FBF9E4C232A4F51&hl=en_GB&expire=1521318672&caps=asr&v=BLkMhitsPGk&asr_langs=ru%2Cko%2Cde%2Cpt%2Cja%2Cnl%2Cen%2Cit%2Ces%2Cfr&key=yttt1&xorp=True&sparams=asr_langs%2Ccaps%2Cv%2Cxorp%2Cexpire&kind=asr&lang=en&fmt=srv3
ep009,national,10/18/17,Seeking a TN Mountain Home,TN,https://www.youtube.com/api/timedtext?asr_langs=ja%2Cen%2Cfr%2Cde%2Cko%2Cit%2Cnl%2Cpt%2Ces%2Cru&expire=1521318741&v=QL2xvUwxnng&xorp=True&key=yttt1&caps=asr&hl=en_GB&signature=1B083D502B28DA1BEB9A77A212A1C2E35DC3A1AA.7749CE35FD2162B574BFBD899C253658C74EEE43&sparams=asr_langs%2Ccaps%2Cv%2Cxorp%2Cexpire&kind=asr&lang=en&fmt=srv3
ep010,national,11/27/17,Modern Miami Search,FL,https://www.youtube.com/api/timedtext?key=yttt1&caps=asr&expire=1521499638&asr_langs=it%2Ces%2Cnl%2Cfr%2Cde%2Cpt%2Cko%2Cja%2Cen%2Cru&v=AUQsO1Rsz0s&signature=AAD24E010F9AA1AD6050E8399F9E578A357C3E71.7D68DDA1C0C15A858885AEFD5CD6AA84130E122A&xorp=True&sparams=asr_langs%2Ccaps%2Cv%2Cxorp%2Cexpire&hl=en_GB&kind=asr&lang=en&fmt=srv3
ep011,national,10/3/17,Moving Back to Missouri,MO,https://www.youtube.com/api/timedtext?expire=1521499707&v=4ayhgZFBsjA&asr_langs=nl%2Cpt%2Ces%2Cru%2Cen%2Cja%2Cfr%2Cde%2Cit%2Cko&sparams=asr_langs%2Ccaps%2Cv%2Cxorp%2Cexpire&xorp=True&signature=2810F51C2BED85CDD71368D3B0C718FEB33CC110.01531E2E39C7EECDE96DD414C816978947A6A818&key=yttt1&hl=en_GB&caps=asr&kind=asr&lang=en&fmt=srv3
ep012,national,11/13/17,Jerry and Emily Move From Florida to Chattanooga,TN,https://www.youtube.com/api/timedtext?asr_langs=fr%2Cit%2Cru%2Ces%2Cpt%2Cen%2Cnl%2Cja%2Cko%2Cde&key=yttt1&signature=70770D3517478396DCB3523AF0C563CDD171E6C4.E865CA1ED5F6CEF2414B33DF6472F1A272C82B3C&sparams=asr_langs%2Ccaps%2Cv%2Cxorp%2Cexpire&v=gUoqcweMK5Y&hl=en_GB&caps=asr&xorp=True&expire=1521510874&kind=asr&lang=en&fmt=srv3
ep013,national,10/11/17,Fresh Start for Six in Salisbury,CT,https://www.youtube.com/api/timedtext?signature=336D3A4C7B5628E48522B2C2A743CF733AD18978.82B4AAE0AAC2C7022752DA0290385D72024F69A4&key=yttt1&xorp=True&asr_langs=ru%2Cde%2Cit%2Cja%2Cnl%2Cen%2Cfr%2Ces%2Cko%2Cpt&caps=asr&expire=1521510941&sparams=asr_langs%2Ccaps%2Cv%2Cxorp%2Cexpire&v=YgiFI_aIdAc&hl=en_GB&kind=asr&lang=en&fmt=srv3
ep014,national,10/9/17,California Family Seeks Home With Mom's Diva Den,CA,https://www.youtube.com/api/timedtext?xorp=True&sparams=asr_langs%2Ccaps%2Cv%2Cxorp%2Cexpire&asr_langs=ru%2Ces%2Cpt%2Cnl%2Cit%2Cko%2Cde%2Cfr%2Cja%2Cen&signature=0BB19EAFABEB03664FBEBAAF3B7F3516429381BF.3CA96B8ECB2C3461032624348749AA47E2A38B4E&expire=1521510991&key=yttt1&caps=asr&v=u5jcGlLBI8I&hl=en_GB&kind=asr&lang=en&fmt=srv3
ep015,international,11/24/17,From Minnesota to East Africa,KA,https://www.youtube.com/api/timedtext?expire=1521511042&caps=asr&hl=en_GB&v=AXSOA2Kr5S8&sparams=asr_langs%2Ccaps%2Cv%2Cxorp%2Cexpire&asr_langs=es%2Cru%2Cko%2Cit%2Cde%2Cpt%2Cfr%2Cen%2Cja%2Cnl&xorp=True&signature=210E1E4F43F136A23AA434E5F2756D1336E03AD9.D6CA0DB6EBD554B2E687B0A0EF981D789D3419D4&key=yttt1&kind=asr&lang=en&fmt=srv3
ep016,national,10/17/17,Sticker Shock in Chicago,IL,https://www.youtube.com/api/timedtext?hl=en_GB&v=U6alW9H0uPw&key=yttt1&expire=1521512396&caps=asr&asr_langs=ja%2Ces%2Cit%2Cko%2Cde%2Cnl%2Cpt%2Cru%2Cen%2Cfr&xorp=True&signature=EBEFEDB38DA506B696DBBE3B8C4A42AAC28AFD84.67398ED34CD386DA07378BE448BAFAA024125ACC&sparams=asr_langs%2Ccaps%2Cv%2Cxorp%2Cexpire&kind=asr&lang=en&fmt=srv3
ep017,national,11/17/17,A Diva Wants What She Wants,TX,https://www.youtube.com/api/timedtext?sparams=asr_langs%2Ccaps%2Cv%2Cxorp%2Cexpire&v=sdlsg9sPcl8&xorp=True&expire=1521512464&caps=asr&key=yttt1&asr_langs=es%2Cit%2Cpt%2Cfr%2Cde%2Cko%2Cru%2Cen%2Cnl%2Cja&hl=en_GB&signature=7419C50653FD92B26473B6BA3A7E0DA91DC8B8EE.E49ECA05F5ED42270D58C4121E97D3B34AC8934B&kind=asr&lang=en&fmt=srv3
ep018,international,10/11/17,Returning to a Childhood Home,IR,https://www.youtube.com/api/timedtext?v=0Uz6ZwGhWDA&asr_langs=fr%2Cen%2Cja%2Cko%2Cde%2Cpt%2Cnl%2Cit%2Cru%2Ces&key=yttt1&xorp=True&hl=en_GB&caps=asr&sparams=asr_langs%2Ccaps%2Cv%2Cxorp%2Cexpire&signature=091BDFEBC44EE7810456B15F2CA9E0005622D85C.E2C4030CC9F69E1470EE84B7B3F9517D49EC0B9C&expire=1521512506&kind=asr&lang=en&fmt=srv3
ep019,national,11/23/17,Is Bigger Better in Texas ,TX,https://www.youtube.com/api/timedtext?caps=asr&asr_langs=fr%2Cru%2Ces%2Cit%2Cnl%2Cde%2Cko%2Cen%2Cpt%2Cja&hl=en_GB&expire=1521512612&sparams=asr_langs%2Ccaps%2Cv%2Cxorp%2Cexpire&key=yttt1&v=Ez64EBFpmkI&xorp=True&signature=0A015B75DED62DFA738F4951FAB869F00B638938.55B19A8A31A2573A1502ED47FDCAC6DB58B0152C&kind=asr&lang=en&fmt=srv3
ep020,national,11/2/17,Seeking a Home in Sioux Falls,SD,https://www.youtube.com/api/timedtext?key=yttt1&v=WaiAozF6PvA&expire=1521512652&hl=en_GB&signature=8DD7F2D04F2A139B25C2466903805DDEDE109D18.0395B83907B886AD6E487291841A1C630DA1025B&xorp=True&sparams=asr_langs%2Ccaps%2Cv%2Cxorp%2Cexpire&caps=asr&asr_langs=ja%2Ces%2Cnl%2Cpt%2Cru%2Cfr%2Cen%2Cko%2Cit%2Cde&kind=asr&lang=en&fmt=srv3
ep021,national,8/20/17,Starting on Long Island,NY,https://www.youtube.com/api/timedtext?hl=en_GB&v=3Z2ZgcMvZgw&signature=6F34D88C9FD391623D5792D304228D31586DEC17.2FC71EE13127DB40E7717803E5624CC1D3E7CAA4&key=yttt1&expire=1521595850&asr_langs=de%2Cko%2Cit%2Cen%2Cja%2Cfr%2Cpt%2Ces%2Cru%2Cnl&sparams=asr_langs%2Ccaps%2Cv%2Cxorp%2Cexpire&xorp=True&caps=asr&kind=asr&lang=en&fmt=srv3
ep022,national,11/10/17,Deploying to Clarksville,TN,https://www.youtube.com/api/timedtext?xorp=True&sparams=asr_langs%2Ccaps%2Cv%2Cxorp%2Cexpire&hl=en_GB&asr_langs=ru%2Cfr%2Cen%2Cnl%2Cpt%2Cde%2Cko%2Cit%2Cja%2Ces&signature=D35CF541C7F46EECD204A05E1027B95D415F3A70.68013E4E2784B516CF753077578B9AF9A792C68E&caps=asr&expire=1521595917&key=yttt1&v=giUn5sN3XE0&kind=asr&lang=en&fmt=srv3
ep023,national,10/5/17,Vintage Condo vs. Modern Loft in Chicago,IL,https://www.youtube.com/api/timedtext?key=yttt1&signature=A2B496E339B26C8DADFE00B3C6A783B6C9D6F4C5.8AE07177C0038E923CE62A7EDCC7F08A2FEB75D2&asr_langs=en%2Cnl%2Cja%2Cfr%2Cde%2Cit%2Cko%2Cpt%2Cru%2Ces&xorp=True&sparams=asr_langs%2Ccaps%2Cv%2Cxorp%2Cexpire&hl=en_GB&v=vfMgEj4UjFc&caps=asr&expire=1521595987&kind=asr&lang=en&fmt=srv3
ep024,international,11/15/17,"Something's Brewing in Chania, Greece",GR,https://www.youtube.com/api/timedtext?asr_langs=es%2Cit%2Cpt%2Cnl%2Cfr%2Cru%2Cko%2Cja%2Cde%2Cen&key=yttt1&v=pkMtVYRJ-ns&sparams=asr_langs%2Ccaps%2Cv%2Cxorp%2Cexpire&xorp=True&caps=asr&hl=en_GB&signature=EEAD3853748C093F9827BD8E591017CEC9D7577E.99905705BAF173D4E6E115D022392B0E7F3E87CB&expire=1521596047&kind=asr&lang=en&fmt=srv3
ep025,national,11/15/17,Victorian vs Modern in Pittsburgh,PA,https://www.youtube.com/api/timedtext?hl=en_GB&xorp=True&v=AsYmilGl2EM&asr_langs=de%2Cja%2Cen%2Cko%2Cru%2Cfr%2Cnl%2Cpt%2Cit%2Ces&expire=1521596107&sparams=asr_langs%2Ccaps%2Cv%2Cxorp%2Cexpire&caps=asr&key=yttt1&signature=B9E8C4D3A7A9F2BD1B7F7C6C66A36B4238BACBE7.AA700256D5D15BD3BB1180DB161A54B5A5C47CEB&kind=asr&lang=en&fmt=srv3
ep026,international,11/17/17,Money's Worth in Perth,AU,https://www.youtube.com/api/timedtext?caps=asr&hl=en_GB&sparams=asr_langs%2Ccaps%2Cv%2Cxorp%2Cexpire&expire=1521596158&xorp=True&key=yttt1&signature=C14E1A5B0D0BF6B7284E042ED69B8DAEB9E21E37.6A1E4DB6F28137CD8905E239777901A54AF1331D&v=mb_4Yqcg-pA&asr_langs=nl%2Cpt%2Cru%2Ces%2Cja%2Cen%2Cfr%2Cko%2Cde%2Cit&kind=asr&lang=en&fmt=srv3
ep027,national,10/24/17,Beachy Bachelor Pad in California,CA,https://www.youtube.com/api/timedtext?v=p43GBbN1wgs&sparams=asr_langs%2Ccaps%2Cv%2Cxorp%2Cexpire&expire=1521596204&signature=3D2DB882326E66BA7B6705199871C7B926B9C7E0.7BB635AF018D50C456EB01D5C1D36E9B2B44FAFB&xorp=True&key=yttt1&caps=asr&hl=en_GB&asr_langs=ko%2Cit%2Cde%2Cja%2Cen%2Ces%2Cnl%2Cfr%2Cru%2Cpt&kind=asr&lang=en&fmt=srv3
ep028,national,10/20/17,Size vs Style in DC,DC,https://www.youtube.com/api/timedtext?key=yttt1&signature=1083A22ED0B557846034473A898BFEE71EADEBFF.A29E290D4C7B0698FC57F3DA72ECB107E131E3CB&sparams=asr_langs%2Ccaps%2Cv%2Cxorp%2Cexpire&caps=asr&expire=1521596248&asr_langs=es%2Cit%2Cpt%2Cnl%2Cfr%2Cko%2Cru%2Cen%2Cja%2Cde&v=qmUW-I7O9RE&xorp=True&hl=en_GB&kind=asr&lang=en&fmt=srv3
ep029,national,10/20/17,Looking in Lancaster,PA,https://www.youtube.com/api/timedtext?expire=1521596294&hl=en_GB&signature=E4608AADC3F2BBACAB856AF9CA092E6879043AD4.0BB1EF7C7FD33D7FCDFF6E3D5EAE01F5A356B278&caps=asr&xorp=True&sparams=asr_langs%2Ccaps%2Cv%2Cxorp%2Cexpire&key=yttt1&v=vgUtALl1ZZM&asr_langs=en%2Cde%2Cko%2Cja%2Cru%2Cfr%2Cnl%2Cpt%2Cit%2Ces&kind=asr&lang=en&fmt=srv3
ep030,national,10/10/17,Always Room for Improvement,AZ,https://www.youtube.com/api/timedtext?signature=95177A280193BC989A79231DAC2B2CCCC7B9D0AE.01CCE9DD85467B48EE668FD636A6A0F2874CC37C&hl=en_GB&asr_langs=ja%2Cko%2Cru%2Cen%2Cpt%2Cde%2Cfr%2Cnl%2Ces%2Cit&expire=1521596341&v=I5Hxt1BLsmo&caps=asr&key=yttt1&xorp=True&sparams=asr_langs%2Ccaps%2Cv%2Cxorp%2Cexpire&kind=asr&lang=en&fmt=srv3
ep031,national,10/2/17,Going Big in Buffalo,NY,https://www.youtube.com/api/timedtext?hl=en_GB&caps=asr&expire=1521615730&sparams=asr_langs%2Ccaps%2Cv%2Cxorp%2Cexpire&xorp=True&asr_langs=pt%2Cnl%2Ces%2Cru%2Cfr%2Cen%2Cja%2Cit%2Cde%2Cko&v=1vAqkPyWmi8&signature=1A3BAC959C5CD7C397015426CC9D901CA6CA4F6A.E18D55C77E74A265DB6C12F8A3E3E00B5E78A1DD&key=yttt1&kind=asr&lang=en&fmt=srv3
ep032,national,11/8/17,Newlyweds Seek Home in North Virginia Suburbs,VA,https://www.youtube.com/api/timedtext?sparams=asr_langs%2Ccaps%2Cv%2Cxorp%2Cexpire&hl=en_GB&v=4Ea0JrAzcl0&caps=asr&expire=1521615788&key=yttt1&signature=5BB0B0EF879DE618E103E94FBD799CD0D36CD21C.0CA13D505D6E174B10B78A93E7AF14FAE003086B&asr_langs=ko%2Ces%2Cen%2Cnl%2Cja%2Cfr%2Cde%2Cru%2Cpt%2Cit&xorp=True&kind=asr&lang=en&fmt=srv3
ep033,national,11/3/17,Waterfront Living in Florida,FL,https://www.youtube.com/api/timedtext?hl=en_GB&signature=08B01DB91BF75C4B729748C3434BD9538B18B98F.D70E28FEADEE2687742FA9C1E342FA91B1415BE5&key=yttt1&caps=asr&sparams=asr_langs%2Ccaps%2Cv%2Cxorp%2Cexpire&expire=1521615822&asr_langs=ru%2Cko%2Cen%2Cja%2Cde%2Ces%2Cit%2Cpt%2Cnl%2Cfr&v=ghmmc7bu-UA&xorp=True&kind=asr&lang=en&fmt=srv3
ep034,national,11/6/17,Going Bigger in Buffalo,NY,https://www.youtube.com/api/timedtext?sparams=asr_langs%2Ccaps%2Cv%2Cxorp%2Cexpire&v=qIV6zGKT8MQ&hl=en_GB&caps=asr&expire=1521615852&signature=0C015571F4E1567AB2667A8DC32CE8021CE4E175.CDDB3CDC06E4EB838C9AAD2714157D38A1C622D2&key=yttt1&xorp=True&asr_langs=ko%2Cru%2Cpt%2Ces%2Cja%2Cnl%2Cen%2Cfr%2Cde%2Cit&kind=asr&lang=en&fmt=srv3
ep035,national,10/12/17,Father Knows Best in Austin,TX,https://www.youtube.com/api/timedtext?xorp=True&asr_langs=it%2Cde%2Cru%2Cfr%2Cnl%2Cja%2Cen%2Ces%2Cko%2Cpt&key=yttt1&signature=03A9429CCF3AF61693BE5A110305109FF0127D04.E5DF30D84770537392702DD49FEA57E059B841AC&expire=1521615888&caps=asr&v=H5rJnNyrWZU&hl=en_GB&sparams=asr_langs%2Ccaps%2Cv%2Cxorp%2Cexpire&kind=asr&lang=en&fmt=srv3
ep036,international,11/13/17,Jumping to Johannesburg,SA,https://www.youtube.com/api/timedtext?asr_langs=fr%2Cru%2Ces%2Cit%2Cnl%2Cen%2Cpt%2Cja%2Cde%2Cko&v=aRioB8CQ0uk&caps=asr&xorp=True&hl=en_GB&expire=1521615927&sparams=asr_langs%2Ccaps%2Cv%2Cxorp%2Cexpire&signature=58B574E733699E72872E93C246A569448005EA31.E4AB1628136D044AB8FAB673AA9C094DC092D074&key=yttt1&kind=asr&lang=en&fmt=srv3
ep037,national,8/8/17,Beach vs Boat Dock in Florida,FL,https://www.youtube.com/api/timedtext?xorp=True&sparams=asr_langs%2Ccaps%2Cv%2Cxorp%2Cexpire&expire=1521615971&asr_langs=en%2Cpt%2Cde%2Cit%2Cru%2Cko%2Ces%2Cja%2Cnl%2Cfr&hl=en_GB&v=7brCtz7iJ9k&signature=6DA2C08BAE5690F876431E50F905946CB2B80B4E.0B3B02037FDF1C600800C63454C590423E70634E&key=yttt1&caps=asr&kind=asr&lang=en&fmt=srv3
ep038,national,10/16/17,Growing a Family in Tampa,FL,https://www.youtube.com/api/timedtext?v=pH4Ft2paagM&sparams=asr_langs%2Ccaps%2Cv%2Cxorp%2Cexpire&asr_langs=ru%2Ces%2Cfr%2Cit%2Cko%2Cde%2Cen%2Cpt%2Cja%2Cnl&key=yttt1&signature=D9C9B381F25A5B90F5777F107C0D5B3CADFDF571.035CFF6D02EFC758814D207AD7349F5D4C5D087B&expire=1521616006&caps=asr&hl=en_GB&xorp=True&kind=asr&lang=en&fmt=srv3
ep039,national,11/9/17,Oregon,OR,https://www.youtube.com/api/timedtext?key=yttt1&caps=asr&asr_langs=ru%2Cfr%2Cnl%2Ces%2Cpt%2Cde%2Cko%2Cit%2Cen%2Cja&signature=E405A055CF8271C068F45389076477D046D12DED.78652F80E5C2184830E0EA99B22F47195E9385C2&hl=en_GB&sparams=asr_langs%2Ccaps%2Cv%2Cxorp%2Cexpire&expire=1521616040&v=Crb1DIE3XeA&xorp=True&kind=asr&lang=en&fmt=srv3
ep040,national,11/24/17,Old vs New in Salt Lake City,UT,https://www.youtube.com/api/timedtext?xorp=True&sparams=asr_langs%2Ccaps%2Cv%2Cxorp%2Cexpire&asr_langs=nl%2Cru%2Ces%2Cpt%2Cfr%2Cja%2Cen%2Cit%2Cko%2Cde&expire=1521616095&key=yttt1&signature=0C3372A8FF13A034A9F85509DB042FC6E70333D8.4374557562EA95923B80BDFC5FDA72198978EA14&v=8LUBdRmx8fg&caps=asr&hl=en_GB&kind=asr&lang=en&fmt=srv3
ep041,national,11/1/17,Eccentrics in Ohio,OH,https://www.youtube.com/api/timedtext?v=aU37G8_9wfU&signature=C46DFFAA8572ECC611E708A406BF4C1A62A654D7.310F5C685CBA8A02BDB9606AC2A8E18F82CB63D2&asr_langs=nl%2Cit%2Ces%2Cru%2Cfr%2Cko%2Cde%2Cja%2Cpt%2Cen&xorp=True&key=yttt1&caps=asr&sparams=asr_langs%2Ccaps%2Cv%2Cxorp%2Cexpire&expire=1521682865&hl=en_GB&kind=asr&lang=en&fmt=srv3
ep042,national,11/14/17,Second Chance in Tampa,FL,https://www.youtube.com/api/timedtext?expire=1521682914&key=yttt1&v=Xk-2NdSl1KE&asr_langs=ja%2Ces%2Cde%2Cko%2Cit%2Cru%2Cfr%2Cen%2Cnl%2Cpt&hl=en_GB&caps=asr&xorp=True&sparams=asr_langs%2Ccaps%2Cv%2Cxorp%2Cexpire&signature=DA39564B8FC5E3831BA2716A9B63FFEFBC89DA2A.493F5584892585F34FC7FF68882C2B5ECB88FA74&kind=asr&lang=en&fmt=srv3
ep043,international,11/14/17,Slowing Down in Tuscany,IT,https://www.youtube.com/api/timedtext?xorp=True&expire=1521682949&hl=en_GB&signature=AC5351F698372F1785272CFB8D1AFFA73ECC960D.4AD5753C096DEEC383006D7C2E735AD0001127DB&sparams=asr_langs%2Ccaps%2Cv%2Cxorp%2Cexpire&asr_langs=ru%2Cde%2Cen%2Cko%2Cja%2Ces%2Cpt%2Cit%2Cfr%2Cnl&caps=asr&key=yttt1&v=c2pZCfveMSo&kind=asr&lang=en&fmt=srv3
ep044,international,11/22/17,Oceanside in Manta,EC,https://www.youtube.com/api/timedtext?key=yttt1&v=23Xcnoi0D64&xorp=True&sparams=asr_langs%2Ccaps%2Cv%2Cxorp%2Cexpire&asr_langs=nl%2Cpt%2Cru%2Cfr%2Cit%2Ces%2Cen%2Cko%2Cja%2Cde&hl=en_GB&signature=7EE1FC20AD1E5B060F9E4B0580ACCE9FAB324983.32B64AF6399613072E9A92493CC842915D599898&expire=1521683345&caps=asr&kind=asr&lang=en&fmt=srv3
ep045,international,11/23/17,Puerto Penasco Three Run Homer,MX,https://www.youtube.com/api/timedtext?key=yttt1&asr_langs=en%2Cja%2Cnl%2Cde%2Cru%2Cko%2Cfr%2Cpt%2Ces%2Cit&caps=asr&signature=7CEAD122E010A8F47A6049B4E3652BD749968805.607531F36B036733D6AD5FD4F8CF93597C08E85B&hl=en_GB&expire=1521682987&v=9QIFSXyoKqA&sparams=asr_langs%2Ccaps%2Cv%2Cxorp%2Cexpire&xorp=True&kind=asr&lang=en&fmt=srv3
ep046,national,11/21/17,Jonesing for Jacksonville Beach,FL,https://www.youtube.com/api/timedtext?caps=asr&hl=en_GB&xorp=True&expire=1521683309&asr_langs=ja%2Cnl%2Cen%2Cpt%2Cde%2Cko%2Cit%2Cfr%2Ces%2Cru&signature=B95E4F948217ADCC106E313A431EDE8B7C09A642.9A91799FD8385E2EF864F3F84998007620DC958D&key=yttt1&v=pQFqFmiUU7I&sparams=asr_langs%2Ccaps%2Cv%2Cxorp%2Cexpire&kind=asr&lang=en&fmt=srv3
ep047,international,11/9/17,"Life and Love, Parisian Style",FR,https://www.youtube.com/api/timedtext?xorp=True&v=m3ZnQsAhT8o&sparams=asr_langs%2Ccaps%2Cv%2Cxorp%2Cexpire&signature=3E3BCEA00993EA627B7C16A65EF978E0559DF954.EEFA2EBF5226F89E795A655E9F95B3726FF86E41&expire=1521683046&hl=en_GB&caps=asr&asr_langs=it%2Cru%2Ces%2Cpt%2Cfr%2Cko%2Cde%2Cja%2Cnl%2Cen&key=yttt1&kind=asr&lang=en&fmt=srv3
ep048,national,8/22/17,Gotta Get Away in Florida,FL,https://www.youtube.com/api/timedtext?caps=asr&v=lWRO9IWHA7I&key=yttt1&xorp=True&hl=en_GB&asr_langs=fr%2Cpt%2Ces%2Cnl%2Cit%2Cja%2Cen%2Cko%2Cru%2Cde&signature=929F118C227EB61A2249FC31D4E0829861DCB3CE.8AC1622119C76EFAA36D2078E8F15527E30204D1&expire=1521683085&sparams=asr_langs%2Ccaps%2Cv%2Cxorp%2Cexpire&kind=asr&lang=en&fmt=srv3
ep049,international,10/18/17,Rekindling a Marriage in Belize,BZ,https://www.youtube.com/api/timedtext?key=yttt1&expire=1521683121&asr_langs=pt%2Ces%2Cru%2Cnl%2Cde%2Cko%2Cit%2Cen%2Cja%2Cfr&sparams=asr_langs%2Ccaps%2Cv%2Cxorp%2Cexpire&xorp=True&signature=6C718971C9AB388A575ADE8DD225245FBD03AE59.EC60F3D93F5038E685EF8221EC090C156C892061&hl=en_GB&v=_H9aPn8klmI&caps=asr&kind=asr&lang=en&fmt=srv3
ep050,international,11/23/17,A New Couple's Leap of Faith,EN,https://www.youtube.com/api/timedtext?asr_langs=fr%2Cit%2Cru%2Ces%2Cpt%2Cen%2Cnl%2Cja%2Cko%2Cde&key=yttt1&signature=72A58B8F770EBE93DF022CA932280AF161FE8576.18CEAE964A2F273036A708A5ECF4F74E10FF8AB9&sparams=asr_langs%2Ccaps%2Cv%2Cxorp%2Cexpire&v=_LJ-DuOZDQ8&hl=en_GB&caps=asr&xorp=True&expire=1521683184&kind=asr&lang=en&fmt=srv3
ep051,national,8/17/17,Picky in Patchogue,NY,https://www.youtube.com/api/timedtext?key=yttt1&expire=1522311642&xorp=True&signature=24B32CCD0B86181449037AAB0901ACB5F133668E.C8977EE1C54C8F1A0AFCF44E772AA74A3856F20A&sparams=asr_langs%2Ccaps%2Cv%2Cxorp%2Cexpire&caps=asr&hl=en_GB&asr_langs=ko%2Cit%2Cpt%2Cen%2Cnl%2Cja%2Cfr%2Cru%2Ces%2Cde&v=EFEMaQCIDd0&kind=asr&lang=en&fmt=srv3
ep052,international,10/13/17,Dueling in Barcelona,ES,https://www.youtube.com/api/timedtext?v=GeBZtxV7Mmg&expire=1522311744&caps=asr&signature=B287F222D911B2F3A9D58564D211461D99916D1A.DBE2B3E7F02993FC9895A1F527BAA8213282E6BD&sparams=asr_langs%2Ccaps%2Cv%2Cxorp%2Cexpire&asr_langs=ko%2Cde%2Cen%2Cfr%2Cja%2Cru%2Ces%2Cpt%2Cit%2Cnl&hl=en_GB&xorp=True&key=yttt1&kind=asr&lang=en&fmt=srv3
ep053,international,10/30/17,Only the Best in Budapest ,HU,https://www.youtube.com/api/timedtext?v=WZ-cao4rFJw&caps=asr&xorp=True&key=yttt1&sparams=asr_langs%2Ccaps%2Cv%2Cxorp%2Cexpire&expire=1522311857&hl=en_GB&signature=7EFC13F2A2785CDE790F45D97EED976206909CAB.5FCAF606C3C8D5CDDC6A1511E45C5170459162E0&asr_langs=es%2Cnl%2Cit%2Cfr%2Cru%2Cko%2Cde%2Cpt%2Cja%2Cen&kind=asr&lang=en&fmt=srv3
ep054,international,11/3/17,icking in Pordenone,IT,https://www.youtube.com/api/timedtext?v=Yb9TsrtMAe8&hl=en_GB&signature=8EBDA510D8B49A3354F7E1D99FE931AB45D2170F.15140B5F79621E797ECC2EC5E497A845E605A25A&xorp=True&sparams=asr_langs%2Ccaps%2Cv%2Cxorp%2Cexpire&caps=asr&asr_langs=ko%2Cit%2Cde%2Cfr%2Cja%2Cen%2Cru%2Ces%2Cpt%2Cnl&key=yttt1&expire=1522311914&kind=asr&lang=en&fmt=srv3
ep055,national,11/7/17,Sweet New Home in Chicago,IL,https://www.youtube.com/api/timedtext?key=yttt1&sparams=asr_langs%2Ccaps%2Cv%2Cxorp%2Cexpire&v=OXW7pxuD6LA&expire=1522312075&asr_langs=it%2Ces%2Cfr%2Cko%2Cde%2Cnl%2Cja%2Cen%2Cpt%2Cru&xorp=True&signature=CF5A9D26C6FFBF55EFCDA73A7E534D998E624A89.03243EC0E2CA7EE4D003F90295D3F667D89552&caps=asr&hl=en_GB&kind=asr&lang=en&fmt=srv3
ep056,national,11/23/17,Upsizing to a Bigger Home in Ohio,OH,https://www.youtube.com/api/timedtext?xorp=True&asr_langs=fr%2Cen%2Cja%2Cit%2Cde%2Cko%2Cpt%2Cnl%2Ces%2Cru&v=9t6Rj69SPug&key=yttt1&signature=9F517DD4D56DDC271C9192D3EB9AF24AA6D22C69.8BC7D4AC427EA16DA85AA23104652DBCA22813B9&hl=en_GB&caps=asr&expire=1522312136&sparams=asr_langs%2Ccaps%2Cv%2Cxorp%2Cexpire&kind=asr&lang=en&fmt=srv3
ep057,international,11/27/17,Sydney's Sunny Suburbs ,AU,https://www.youtube.com/api/timedtext?caps=asr&sparams=asr_langs%2Ccaps%2Cv%2Cxorp%2Cexpire&signature=B6748C725412E1141FB3B75069A38CF729656840.C17433A1A7E131CA45F98C1D8ABD2B8BB8577BC2&key=yttt1&xorp=True&v=owO0fxewezY&asr_langs=it%2Ces%2Cfr%2Cnl%2Cpt%2Cru%2Cko%2Cde%2Cja%2Cen&expire=1522312177&hl=en_GB&kind=asr&lang=en&fmt=srv3
ep058,international,10/12/17,Go Big in Burgundy,FR,https://www.youtube.com/api/timedtext?v=rx96_m1Qhdo&hl=en_GB&asr_langs=fr%2Cnl%2Ces%2Cit%2Cen%2Cja%2Cko%2Cpt%2Cde%2Cru&caps=asr&key=yttt1&expire=1522312213&sparams=asr_langs%2Ccaps%2Cv%2Cxorp%2Cexpire&xorp=True&signature=CD61D6638CFA420880E1992B64B533799FCC94DC.8B05FC93B3F782823B4D4CF4435E0A4FA9CDA5E6&kind=asr&lang=en&fmt=srv3
ep059,national,9/5/17,Cozy Cabin in California,CA,https://www.youtube.com/api/timedtext?sparams=asr_langs%2Ccaps%2Cv%2Cxorp%2Cexpire&expire=1522312273&caps=asr&hl=en_GB&signature=5B88F2BD404B6DFE01BB0C7643011EFF605A6FF7.82B68A035A7A06D10D548E543A2B515EBCD66293&key=yttt1&v=_S70v6ZKzfE&asr_langs=ru%2Ces%2Cnl%2Cpt%2Cko%2Cde%2Cit%2Cja%2Cen%2Cfr&xorp=True&kind=asr&lang=en&fmt=srv3
ep060,national,10/26/17,A Rural Washington Paradise,WA,https://www.youtube.com/api/timedtext?expire=1522312312&key=yttt1&asr_langs=pt%2Ces%2Cru%2Cnl%2Cde%2Cit%2Cko%2Cen%2Cja%2Cfr&sparams=asr_langs%2Ccaps%2Cv%2Cxorp%2Cexpire&xorp=True&hl=en_GB&caps=asr&signature=BCC9A65B01D093B2585DACC20B6A9063CA06AA48.ACB52B9F52F92CD3A607EEB9215E1465B650A3C2&v=363C7uF4uNQ&kind=asr&lang=en&fmt=srv3
ep061,national,8/22/17,Big House for Blended Family,IL,https://www.youtube.com/api/timedtext?v=LdBzwWIcekg&signature=4D8A858C8851A9102782CD195B74598CD6096035.286C062D3107F96EFD3D743B4FCE843EBE1631E3&hl=en_GB&caps=asr&xorp=True&sparams=asr_langs%2Ccaps%2Cv%2Cxorp%2Cexpire&asr_langs=it%2Cko%2Cde%2Cfr%2Cja%2Cen%2Cru%2Ces%2Cpt%2Cnl&expire=1522312370&key=yttt1&kind=asr&lang=en&fmt=srv3
ep062,international,10/4/17,Quirky or Close to London,EN,https://www.youtube.com/api/timedtext?caps=asr&key=yttt1&asr_langs=fr%2Cru%2Ces%2Cnl%2Cpt%2Cde%2Cit%2Cko%2Cen%2Cja&hl=en_GB&expire=1522312434&sparams=asr_langs%2Ccaps%2Cv%2Cxorp%2Cexpire&v=d3HJZ8UmJfY&signature=DEF936B913BFC2FECECF2F3911B1323859C79ABB.CA6ACDC870BAFA2E73FA3B13DFECC02A467056DB&xorp=True&kind=asr&lang=en&fmt=srv3
ep063,international,11/16/17,Closing the Distance in Denmark ,DE,https://www.youtube.com/api/timedtext?expire=1522312498&sparams=asr_langs%2Ccaps%2Cv%2Cxorp%2Cexpire&hl=en_GB&caps=asr&v=p8Cq5x7QQyw&asr_langs=ru%2Ces%2Cpt%2Cnl%2Cit%2Cko%2Cde%2Cfr%2Cja%2Cen&key=yttt1&signature=8028643FD99E74A9549BDACA66B761AA39CE06F7.1D32A97DC3641CAA2E020CDB7AA52705BADD242C&xorp=True&kind=asr&lang=en&fmt=srv3
ep064,national,10/18/17,Baby's First Home in New Jersey,NJ,https://www.youtube.com/api/timedtext?sparams=asr_langs%2Ccaps%2Cv%2Cxorp%2Cexpire&signature=DE88CB131BA2C60D428E7EB2327665573FEF73ED.7A01F0862B6E29C5B2BA4AC7B4137AF8C9DB93D4&key=yttt1&xorp=True&hl=en_GB&caps=asr&expire=1522312539&v=vj7muL8_oTE&asr_langs=es%2Cru%2Cnl%2Cit%2Cpt%2Cde%2Cko%2Cja%2Cfr%2Cen&kind=asr&lang=en&fmt=srv3
ep065,national,10/27/17,Spanish vs Ranch,CA,https://www.youtube.com/api/timedtext?signature=5BF0E00BA0FFE15350E37A6A8AFA700E20162F10.CD9A161BC7EABBF96343881F67012223115791AC&xorp=True&v=X4FX2YQrfrE&sparams=asr_langs%2Ccaps%2Cv%2Cxorp%2Cexpire&expire=1522312588&hl=en_GB&asr_langs=ja%2Cen%2Cko%2Cit%2Cde%2Cpt%2Cnl%2Ces%2Cru%2Cfr&key=yttt1&caps=asr&kind=asr&lang=en&fmt=srv3
ep066,national,11/22/17,First Condo in Chicago,IL,https://www.youtube.com/api/timedtext?expire=1522312631&signature=B8A24928DF70CCF02B7E7BD215F2DF0DD91DE5A9.269454D0C66442D482A211C2C3F8E31AC63C20D8&v=iwVGBjpKCEY&key=yttt1&hl=en_GB&asr_langs=es%2Cja%2Cde%2Cit%2Cko%2Cen%2Cfr%2Cru%2Cpt%2Cnl&caps=asr&sparams=asr_langs%2Ccaps%2Cv%2Cxorp%2Cexpire&xorp=True&kind=asr&lang=en&fmt=srv3
ep067,national,10/5/17,Finding a House in Philly,PA,https://www.youtube.com/api/timedtext?key=yttt1&asr_langs=en%2Cja%2Cnl%2Cde%2Cko%2Cru%2Cfr%2Cpt%2Ces%2Cit&caps=asr&signature=E6626CCA5739D318F2E2E62FB9D12A66E8BBDD5D.8EF0A48C812B305DAEA64EF12BE57EE08ADE356F&hl=en_GB&expire=1522312808&v=uFxmlbRzwhk&sparams=asr_langs%2Ccaps%2Cv%2Cxorp%2Cexpire&xorp=True&kind=asr&lang=en&fmt=srv3
ep068,national,11/20/17,Vintage House Wanted in Chico,CA,https://www.youtube.com/api/timedtext?hl=en_GB&key=yttt1&signature=60EEAB6797E670EDB46E255C0472AA5C74723934.01D72F353EB85DE99C8971D4FC9790B2D3EEEB2F&sparams=asr_langs%2Ccaps%2Cv%2Cxorp%2Cexpire&caps=asr&asr_langs=ko%2Cru%2Cja%2Cen%2Cde%2Cit%2Ces%2Cnl%2Cpt%2Cfr&expire=1522312864&xorp=True&v=tJBFnPPyTNQ&kind=asr&lang=en&fmt=srv3
ep069,international,11/22/17,Surprises in New Zealand,NZ,https://www.youtube.com/api/timedtext?key=yttt1&signature=81BC8923AD6ED5AD101C32D733292D89E525E7F3.63A09EACEE02105E68916F16D82F93D053890DAD&asr_langs=de%2Cru%2Cit%2Cen%2Cnl%2Cja%2Cfr%2Ces%2Cpt%2Cko&xorp=True&caps=asr&expire=1522312905&sparams=asr_langs%2Ccaps%2Cv%2Cxorp%2Cexpire&hl=en_GB&v=0V94TWakFEo&kind=asr&lang=en&fmt=srv3
ep070,national,10/9/17,Engaged in Debate in Chicago,IL,https://www.youtube.com/api/timedtext?xorp=True&key=yttt1&signature=7593AC30BCD3FAC98CF2F640F6C37BA8073B12F0.BE7DF5197A131636A2F715FB811ADE023AD7B250&v=FiximxcipX4&asr_langs=ja%2Cen%2Cfr%2Cko%2Cde%2Cit%2Cnl%2Cpt%2Cru%2Ces&caps=asr&hl=en_GB&sparams=asr_langs%2Ccaps%2Cv%2Cxorp%2Cexpire&expire=1522312939&kind=asr&lang=en&fmt=srv3
ep071,national,8/17/17,Fresh Start in Las Vegas,NV,https://www.youtube.com/api/timedtext?hl=en_GB&v=3aQceI5Uxps&sparams=asr_langs%2Ccaps%2Cv%2Cxorp%2Cexpire&expire=1522312993&caps=asr&asr_langs=ko%2Ces%2Cfr%2Cen%2Cpt%2Cja%2Cnl%2Cit%2Cde%2Cru&xorp=True&signature=739907844EEF6774725F5E8B0C0EFD89507BCB4E.7B1E2C4BC0A2AFDC36EF208A70EB835EE3D2035D&key=yttt1&kind=asr&lang=en&fmt=srv3
ep072,international,11/7/17,Trading It All for the Beach,NI,https://www.youtube.com/api/timedtext?expire=1522357236&key=yttt1&v=tkr939tOpnM&asr_langs=ja%2Ces%2Cde%2Cko%2Cit%2Cru%2Cfr%2Cen%2Cnl%2Cpt&hl=en_GB&caps=asr&xorp=True&sparams=asr_langs%2Ccaps%2Cv%2Cxorp%2Cexpire&signature=A91042B019B2B5012DFDFF4BE1BC4C6D9FC65FFD.2A7BD6C1FD446D34C105502A2E805AD0638E0B30&kind=asr&lang=en&fmt=srv3
ep073,national,8/30/17,Going Large or Small in Tampa,FL,https://www.youtube.com/api/timedtext?asr_langs=es%2Cit%2Cfr%2Cnl%2Cru%2Cde%2Cpt%2Cen%2Cja%2Cko&expire=1522357326&caps=asr&key=yttt1&v=3EDky56aAFE&xorp=True&signature=E31D7343A6A7222150427F2CDBB439C6D777C47A.812FB5EFD30B10BC25BB787E6911A62AF3F57AF4&hl=en_GB&sparams=asr_langs%2Ccaps%2Cv%2Cxorp%2Cexpire&kind=asr&lang=en&fmt=srv3
ep074,international,10/3/17,Beach vs Budget in Melbourne,AU,https://www.youtube.com/api/timedtext?xorp=True&key=yttt1&v=LcKHLTh6lHA&expire=1522357377&sparams=asr_langs%2Ccaps%2Cv%2Cxorp%2Cexpire&caps=asr&hl=en_GB&signature=448449AA4F0EEAA69A6AA5E4FC564BFD82B72147.C5AE7D68F446E70FC1FF648EEDEE1FA560737255&asr_langs=fr%2Cit%2Ces%2Cru%2Cnl%2Cja%2Cen%2Cpt%2Cko%2Cde&kind=asr&lang=en&fmt=srv3
ep075,national,10/30/17,Picky in St Louis,MO,https://www.youtube.com/api/timedtext?caps=asr&sparams=asr_langs%2Ccaps%2Cv%2Cxorp%2Cexpire&signature=45312CB6B8CA7A483C7E9D1842CB335AEF072812.996155B14964C2247F252D4DB093F3E9F23F0413&key=yttt1&xorp=True&v=_gdQVF78oK8&asr_langs=it%2Ces%2Cfr%2Cnl%2Cpt%2Cru%2Cko%2Cde%2Cja%2Cen&expire=1522357419&hl=en_GB&kind=asr&lang=en&fmt=srv3
ep076,national,3/12/18,Putting Down Roots in Orlando,FL,https://www.youtube.com/api/timedtext?caps=asr&key=yttt1&asr_langs=de%2Cko%2Cen%2Cnl%2Cja%2Ces%2Cit%2Cpt%2Cfr%2Cru&sparams=asr_langs%2Ccaps%2Cv%2Cxorp%2Cexpire&v=XVt95G1wLcw&xorp=True&expire=1522357701&hl=en_GB&signature=BFB15DFA09C05568418D580868772DF1C6F415CF.2CDA55802D755B9325821208B7853B06433037BC&kind=asr&lang=en&fmt=srv3
ep077,national,3/12/18,Tennessee Bed and Breakfast,TN,https://www.youtube.com/api/timedtext?hl=en_GB&signature=D4B1312E410B8AFB4BB01587BC972DC144915A14.1FD3CCBE240A5F3FA2A07CAF48EED2D393DC1A0A&asr_langs=pt%2Cnl%2Ces%2Cru%2Cfr%2Cja%2Cen%2Cko%2Cit%2Cde&key=yttt1&caps=asr&xorp=True&v=IovwjKlzZsc&sparams=asr_langs%2Ccaps%2Cv%2Cxorp%2Cexpire&expire=1522357738&kind=asr&lang=en&fmt=srv3
ep078,national,3/1/18,Cape Cod vs Ranch in Syracuse,NY,https://www.youtube.com/api/timedtext?caps=asr&signature=B646BFFD879D35B1A1B6AFA04F9EAF4C5FC44562.49BE788B225E58129BD1A92499B3A7CEDDDC31C5&hl=en_GB&expire=1522357776&asr_langs=ja%2Cko%2Cde%2Cen%2Cit%2Ces%2Cnl%2Cpt%2Cru%2Cfr&v=92MdinP2EZ8&key=yttt1&xorp=True&sparams=asr_langs%2Ccaps%2Cv%2Cxorp%2Cexpire&kind=asr&lang=en&fmt=srv3
ep079,national,2/21/18,Space for Five Pets,TX,https://www.youtube.com/api/timedtext?sparams=asr_langs%2Ccaps%2Cv%2Cxorp%2Cexpire&expire=1522357825&hl=en_GB&asr_langs=de%2Cen%2Cko%2Cru%2Cpt%2Cja%2Cit%2Ces%2Cnl%2Cfr&signature=B6C0070B96DA57A21915BD421938B3DBB9CE65E1.F0E7064017007CBB888DB7A70CF7BD8FE2647AF1&key=yttt1&xorp=True&caps=asr&v=YfKga4XsVHM&kind=asr&lang=en&fmt=srv3
ep080,national,2/14/18,Big Backyard in Atlanta,GA,https://www.youtube.com/api/timedtext?signature=19006B7A1C9EF3270F1FBE2B77880FA5D7F263B6.677902BDDDF79A5602C36B715BD96488219A81E3&xorp=True&sparams=asr_langs%2Ccaps%2Cv%2Cxorp%2Cexpire&hl=en_GB&caps=asr&key=yttt1&asr_langs=de%2Cru%2Cen%2Cko%2Cja%2Ces%2Cit%2Cpt%2Cnl%2Cfr&v=7ifVT1XSM5c&expire=1522357895&kind=asr&lang=en&fmt=srv3
ep081,national,4/17/18,Couple Wants More Land in Eastern Kansas,KS,https://www.youtube.com/api/timedtext?signature=ACF503CF632BCAFDE8ED33EA67E8962981A171CA.150EB5CF5D806DAE02524FC282BF6B649029A121&sparams=asr_langs%2Ccaps%2Cv%2Cxorp%2Cexpire&xorp=True&key=yttt1&caps=asr&hl=en_GB&expire=1524194581&v=09UBis7SIoI&asr_langs=es%2Cru%2Cit%2Cnl%2Cpt%2Cde%2Cko%2Cja%2Cen%2Cfr&kind=asr&lang=en&fmt=srv3
ep082,national,4/17/18,Facing East in California,CA,https://www.youtube.com/api/timedtext?v=UAQBLyo77LQ&asr_langs=ko%2Cde%2Cfr%2Cen%2Cja%2Cru%2Ces%2Cpt%2Cnl%2Cit&expire=1524194713&sparams=asr_langs%2Ccaps%2Cv%2Cxorp%2Cexpire&signature=15C2B839E212841ACB17210C894074DF6E6D9CEC.402DB4E915F8CCF1A45548D186D7DF1608F4E67B&key=yttt1&xorp=True&hl=en_GB&caps=asr&kind=asr&lang=en&fmt=srv3
ep083,national,4/16/18,Atlanta House for Three,GA,https://www.youtube.com/api/timedtext?sparams=asr_langs%2Ccaps%2Cv%2Cxorp%2Cexpire&key=yttt1&xorp=True&caps=asr&v=RXcAALl_JAQ&expire=1524194750&hl=en_GB&asr_langs=it%2Ces%2Cpt%2Cnl%2Cfr%2Cde%2Cen%2Cko%2Cru%2Cja&signature=AE8FA57C35C7A4F94F5A366C998830683CF4906C.CEFE2FCE92EFEF37AC8AD9A5D9EE1C2DF9843A2D&kind=asr&lang=en&fmt=srv3
ep084,national,4/13/18,Business Owner Goes Tiny,NC,https://www.youtube.com/api/timedtext?key=yttt1&v=2N_SZGgwiRU&asr_langs=it%2Ces%2Cru%2Cfr%2Cko%2Cde%2Cja%2Cnl%2Cen%2Cpt&expire=1524194784&sparams=asr_langs%2Ccaps%2Cv%2Cxorp%2Cexpire&xorp=True&signature=C17F6D7B75EB61C30D926B4F93F7D9C0F9D2D790.41C5B59E8841209CBDBC414D2605B793316D4157&caps=asr&hl=en_GB&kind=asr&lang=en&fmt=srv3
ep085,national,4/12/18,World Travelers Settle Down in Small Town,MO,https://www.youtube.com/api/timedtext?hl=en_GB&expire=1524194845&caps=asr&sparams=asr_langs%2Ccaps%2Cv%2Cxorp%2Cexpire&signature=C83862238D40BBF2A2C28E607279DBEEB1A8C618.88539333C1B6DB5A4E61FB4E0BC513090B9B0389&xorp=True&v=NdRe2a1eb3E&asr_langs=pt%2Cnl%2Cja%2Cen%2Cko%2Cde%2Cfr%2Cru%2Cit%2Ces&key=yttt1&kind=asr&lang=en&fmt=srv3
ep086,international,4/11/18,Going Big in Belize,BZ,https://www.youtube.com/api/timedtext?sparams=asr_langs%2Ccaps%2Cv%2Cxorp%2Cexpire&hl=en_GB&signature=8E5F41368D314D9E2C488EFD451D2ADE16F4F997.E8282ED3F2F2EEADDA83EDBA57304F3172FA348F&xorp=True&v=Hw0ZXQzxiGQ&asr_langs=ja%2Cko%2Cen%2Cde%2Cpt%2Cru%2Cnl%2Cfr%2Cit%2Ces&key=yttt1&caps=asr&expire=1524194916&kind=asr&lang=en&fmt=srv3
ep087,national,4/11/18,The Hunt for Waterfront,FL,https://www.youtube.com/api/timedtext?hl=en_GB&v=PTSsLdvbhes&xorp=True&expire=1524194966&asr_langs=de%2Cen%2Cja%2Cru%2Cko%2Cfr%2Cpt%2Cnl%2Ces%2Cit&caps=asr&sparams=asr_langs%2Ccaps%2Cv%2Cxorp%2Cexpire&signature=B87E728064822E33E32E9670179F34024D208A57.1D33343B76036D0904B1F13558151AE36DCDA9D1&key=yttt1&kind=asr&lang=en&fmt=srv3
ep088,national,4/10/18,Ranch vs Craftsman in New Jersey,NJ,https://www.youtube.com/api/timedtext?caps=asr&key=yttt1&expire=1524195015&v=NyFhn2ONX48&signature=A9616902920D21334E8EE00DE90E0EF165E7DA05.C764B9311A2971C3E29B95F63C6496BC12938CC6&xorp=True&asr_langs=es%2Cit%2Cnl%2Cfr%2Cpt%2Cde%2Cru%2Cen%2Cja%2Cko&sparams=asr_langs%2Ccaps%2Cv%2Cxorp%2Cexpire&hl=en_GB&kind=asr&lang=en&fmt=srv3
ep089,national,4/10/18,"Friends, Fixers and Fireplaces",IL,https://www.youtube.com/api/timedtext?expire=1524195058&xorp=True&signature=9C984260629A07FA9F9741C4AAE41B4C2126200E.55066E19F01525BE7556D361882D63A92FA652AD&caps=asr&sparams=asr_langs%2Ccaps%2Cv%2Cxorp%2Cexpire&v=qv7-TMtgbtA&key=yttt1&asr_langs=ko%2Cde%2Cpt%2Cen%2Cnl%2Cja%2Cru%2Ces%2Cfr%2Cit&hl=en_GB&kind=asr&lang=en&fmt=srv3
ep090,national,9/13/17,Starter Home or Forever Home,NY,https://www.youtube.com/api/timedtext?expire=1524195105&sparams=asr_langs%2Ccaps%2Cv%2Cxorp%2Cexpire&hl=en_GB&caps=asr&v=nmBvB3C_l3k&asr_langs=ru%2Ces%2Cpt%2Cnl%2Cit%2Cko%2Cde%2Cfr%2Cja%2Cen&key=yttt1&signature=8F4F5416284B4E1ADB5705ECA48A9B7B048F1DDA.62472271F1B7D243BE9ADCDC11B34B1057939B79&xorp=True&kind=asr&lang=en&fmt=srv3
ep091,international,4/10/18,Finding Balance in Berlin,DE,https://www.youtube.com/api/timedtext?asr_langs=de%2Cit%2Cko%2Cru%2Cen%2Cfr%2Cnl%2Cpt%2Cja%2Ces&caps=asr&xorp=True&sparams=asr_langs%2Ccaps%2Cv%2Cxorp%2Cexpire&signature=9B3DAFA2E13F3959FA845F859EC40DD9466292D8.6FF100D703EC3BC6820CCECA88AB81EAF02C095A&expire=1524274789&hl=en_GB&v=sIdhv9KoQ-U&key=yttt1&kind=asr&lang=en&fmt=srv3
ep092,international,3/26/18,Return to Medellin,CO,https://www.youtube.com/api/timedtext?key=yttt1&hl=en_GB&asr_langs=pt%2Cnl%2Cit%2Cru%2Ces%2Cfr%2Cen%2Cja%2Cko%2Cde&sparams=asr_langs%2Ccaps%2Cv%2Cexpire&signature=13FD47380CF996B52D3214B715B2E83A949ED4E7.636B1892140644CE547217C110E5539F104CE20A&caps=asr&v=raQKaIgCrYY&expire=1524274851&kind=asr&lang=en&fmt=srv3
ep093,international,3/23/18,Escape to Quito,EC,https://www.youtube.com/api/timedtext?expire=1524274904&v=PjMAgx6L9R4&sparams=asr_langs%2Ccaps%2Cv%2Cxorp%2Cexpire&signature=8EF44267BE801694ACB0068CF0AA579EE8A575E2.0D27FBB90DBCB572C44899317609EE61F0C6994F&asr_langs=de%2Cko%2Cja%2Cfr%2Cen%2Ces%2Cru%2Cnl%2Cit%2Cpt&key=yttt1&xorp=True&hl=en_GB&caps=asr&kind=asr&lang=en&fmt=srv3
ep094,international,3/22/18,"City Maus, Country Haus",DE,https://www.youtube.com/api/timedtext?hl=en_GB&v=nIOTpIJ6zTA&key=yttt1&expire=1524274970&caps=asr&asr_langs=ja%2Ces%2Cit%2Cko%2Cde%2Cnl%2Cpt%2Cru%2Cen%2Cfr&xorp=True&signature=770F4F79DA80AE09E46F9B95E0525946B5CE596E.3507FF0A52BDCD6C4AA142DA22AA79ECE4AED992&sparams=asr_langs%2Ccaps%2Cv%2Cxorp%2Cexpire&kind=asr&lang=en&fmt=srv3
ep095,international,3/13/18,Culture Shock in Cambodia,KH,https://www.youtube.com/api/timedtext?expire=1524275078&xorp=True&v=q2BLD4z90a0&sparams=asr_langs%2Ccaps%2Cv%2Cxorp%2Cexpire&signature=97DA864BE4F35A95B93F037FC716F522472490C6.08F376CBAAA7E226CE714319C77275A6A287AF6C&asr_langs=pt%2Cit%2Ces%2Cfr%2Cru%2Cko%2Cde%2Cja%2Cnl%2Cen&hl=en_GB&key=yttt1&caps=asr&kind=asr&lang=en&fmt=srv3
ep096,national,3/5/18,Safe Haven Hunt in Florida,FL,https://www.youtube.com/api/timedtext?expire=1524275140&signature=9933EAE79BB845D96019CBEF18204DC6A3E13827.D89C1849E9CC9D644568364B7A2A2A515CB0C2E6&hl=en_GB&sparams=asr_langs%2Ccaps%2Cv%2Cxorp%2Cexpire&caps=asr&asr_langs=de%2Cko%2Cpt%2Cen%2Cru%2Cja%2Cnl%2Ces%2Cit%2Cfr&v=SqKpLBQAONg&key=yttt1&xorp=True&kind=asr&lang=en&fmt=srv3
ep097,national,3/5/18,Doctors' Dilemma in New York,NY,https://www.youtube.com/api/timedtext?xorp=True&sparams=asr_langs%2Ccaps%2Cv%2Cxorp%2Cexpire&v=pUopI9pI6b8&expire=1524275178&signature=C0C66568C88825FE50FA22C72BD2689AC6B99AD2.4A859F4EC17A1B54755130B66EE1595E9D17BC81&hl=en_GB&caps=asr&asr_langs=fr%2Cit%2Ces%2Cpt%2Cnl%2Cja%2Cen%2Cko%2Cru%2Cde&key=yttt1&kind=asr&lang=en&fmt=srv3
ep098,international,3/17/18,Married Down Under,AU,https://www.youtube.com/api/timedtext?signature=AAFC23FC382DD4209C7736C02A359AF56C9C98A4.66B801F1871CC2839BC4DB076D24C6E833E4E3C3&caps=asr&sparams=asr_langs%2Ccaps%2Cv%2Cxorp%2Cexpire&hl=en_GB&asr_langs=es%2Cde%2Cru%2Cit%2Cko%2Cen%2Cpt%2Cja%2Cnl%2Cfr&v=0kZqZNhIyVc&key=yttt1&expire=1524275313&xorp=True&kind=asr&lang=en&fmt=srv3
ep099,international,3/16/18,New Kids In Townsville,AU,https://www.youtube.com/api/timedtext?key=yttt1&xorp=True&expire=1524275350&sparams=asr_langs%2Ccaps%2Cv%2Cxorp%2Cexpire&caps=asr&signature=14F392877289CB4EC89D9984F38F20FF9EA92965.98EC873F9E451BF2C4FBBB149FF782C9E93D6EEA&v=2I8TfMjY1-A&hl=en_GB&asr_langs=ko%2Cit%2Cfr%2Cpt%2Cen%2Cnl%2Cja%2Ces%2Cru%2Cde&kind=asr&lang=en&fmt=srv3
ep100,international,3/15/18,Live Like The Romans Do,IT,https://www.youtube.com/api/timedtext?sparams=asr_langs%2Ccaps%2Cv%2Cxorp%2Cexpire&hl=en_GB&caps=asr&signature=38F39E3CA434897FB31C6D59EF4F1E9B9C73E697.6D528A214121D432CAC9B1516AD46EEBC8A2FAF7&key=yttt1&xorp=True&v=kh_jsS9e_Fc&asr_langs=pt%2Cja%2Cnl%2Cen%2Cko%2Cde%2Cru%2Cfr%2Cit%2Ces&expire=1524275394&kind=asr&lang=en&fmt=srv3
ep101,national,4/18/18,Seeking Space in Seattle,WA,https://www.youtube.com/api/timedtext?hl=en_GB&sparams=asr_langs%2Ccaps%2Cv%2Cxorp%2Cexpire&caps=asr&v=FBi6B9ijx_M&asr_langs=ko%2Cit%2Cde%2Cja%2Cen%2Cfr%2Cpt%2Cru%2Ces%2Cnl&key=yttt1&expire=1524709078&xorp=True&signature=EE66F06CAEB9ABA2E6B5960188A33F4F63249EAB.E237DB7C5B89109C6C7E6C295B760BB269511D9E&kind=asr&lang=en&fmt=srv3
ep102,international,4/12/18,Tension in Taipei,TW,https://www.youtube.com/api/timedtext?caps=asr&signature=41F4D06F4BC8B676ACC3D9021E3141DF1E7AF26F.38DD15DF6B37A083FB3B97CB4F117E8C85936C65&key=yttt1&asr_langs=en%2Cja%2Cnl%2Cde%2Cko%2Cfr%2Cru%2Ces%2Cit%2Cpt&hl=en_GB&v=O-zbC0pB_tM&sparams=asr_langs%2Ccaps%2Cv%2Cxorp%2Cexpire&xorp=True&expire=1524709144&kind=asr&lang=en&fmt=srv3
ep103,national,4/3/18,Window Panes in the Windy City,IL,https://www.youtube.com/api/timedtext?xorp=True&sparams=asr_langs%2Ccaps%2Cv%2Cxorp%2Cexpire&asr_langs=nl%2Cru%2Ces%2Cpt%2Cfr%2Cja%2Cen%2Cit%2Cko%2Cde&expire=1524709206&key=yttt1&signature=9EA794E5D4259B18184BD49075601794DBB9E56C.7C5DAC3EA2A8B5E96D53AC0728E462A346D36D31&v=p3V1M52-kss&caps=asr&hl=en_GB&kind=asr&lang=en&fmt=srv3
ep104,national,4/2/18,Pet Paradise in the Country,IL,https://www.youtube.com/api/timedtext?caps=asr&expire=1524709253&hl=en_GB&signature=55AD0A60DA37373EC541C0B1B54CE364ADCD6C7D.D9C148075BFA3240AD46106720288F5169D82455&asr_langs=de%2Cko%2Cja%2Cen%2Cit%2Ces%2Cru%2Cfr%2Cnl%2Cpt&xorp=True&sparams=asr_langs%2Ccaps%2Cv%2Cxorp%2Cexpire&key=yttt1&v=ffYL9b5z_bo&kind=asr&lang=en&fmt=srv3
ep105,international,4/2/18,All She Wants is Italy,IT,https://www.youtube.com/api/timedtext?xorp=True&expire=1524709290&hl=en_GB&signature=A4EA6BF27D0FF8C19A24F59222BD5F65A609AEE9.0B1E019D93CB16B6B8E41B9BBBB252EE17BA5F5F&sparams=asr_langs%2Ccaps%2Cv%2Cxorp%2Cexpire&asr_langs=ru%2Cde%2Cen%2Cko%2Cja%2Ces%2Cpt%2Cit%2Cfr%2Cnl&caps=asr&key=yttt1&v=v0FYRJJPHxk&kind=asr&lang=en&fmt=srv3
ep106,national,3/30/18,New vs Fixer in Salt Lake,UT,https://www.youtube.com/api/timedtext?hl=en_GB&v=pXt4z7jRIm4&caps=asr&signature=A692527D09A5EFA2C1B46ABAA062AE82D371D441.1A36F8857876C2117DF21A10651ADDD82B06D20B&key=yttt1&expire=1524709331&asr_langs=en%2Cja%2Cfr%2Cde%2Cko%2Cit%2Cnl%2Cpt%2Ces%2Cru&sparams=asr_langs%2Ccaps%2Cv%2Cxorp%2Cexpire&xorp=True&kind=asr&lang=en&fmt=srv3
ep107,international,3/30/18,Town or Country in Spain,ES,https://www.youtube.com/api/timedtext?key=yttt1&expire=1524709372&v=oTabb7xVsL0&sparams=asr_langs%2Ccaps%2Cv%2Cxorp%2Cexpire&xorp=True&signature=3AE252BBBB2F826AF41EE6510DDAD216B25B6CE2.1D14BC9A65F27C5F9FD32CF65FE2B2BD6E81C076&caps=asr&hl=en_GB&asr_langs=es%2Cit%2Cru%2Cfr%2Cde%2Cko%2Cen%2Cnl%2Cja%2Cpt&kind=asr&lang=en&fmt=srv3
ep108,national,3/29/18,To Beach or Not to Beach in Florida,FL,https://www.youtube.com/api/timedtext?signature=9647230C818EC4EDA8B27920E9870C0E18D82854.C30E404D6A79E95D8240EA6097C90CC1601CB35C&key=yttt1&xorp=True&asr_langs=ja%2Cnl%2Cen%2Cfr%2Cru%2Cde%2Cpt%2Cit%2Cko%2Ces&sparams=asr_langs%2Ccaps%2Cv%2Cxorp%2Cexpire&v=SwapQtQuKvQ&hl=en_GB&caps=asr&expire=1524709433&kind=asr&lang=en&fmt=srv3
ep109,national,3/28/18,"It's All About That Bath in Liberty, Missouri",MO,https://www.youtube.com/api/timedtext?asr_langs=es%2Cit%2Cfr%2Cnl%2Cpt%2Cru%2Cde%2Cen%2Cko%2Cja&caps=asr&key=yttt1&expire=1524709466&v=qrz_4tPcf8s&xorp=True&signature=DB5594AA6BA8C7109BEAC5676E3AC6EBEE3A2D2F.CB3A40DB31915EE69BBFD510D505BF44941553FF&hl=en_GB&sparams=asr_langs%2Ccaps%2Cv%2Cxorp%2Cexpire&kind=asr&lang=en&fmt=srv3
ep110,international,3/27/18,The English Countryside,EN,https://www.youtube.com/api/timedtext?caps=asr&signature=995ED2FD63A86DFBCD72DCD5BA34F11B256ABB95.1CC0EFD445DD6CD56A0ECBA9A882E55C03726ECD&key=yttt1&expire=1524709516&hl=en_GB&asr_langs=es%2Cnl%2Cja%2Cfr%2Cde%2Cit%2Cko%2Cru%2Cpt%2Cen&v=Ynf8WbxZke8&sparams=asr_langs%2Ccaps%2Cv%2Cxorp%2Cexpire&xorp=True&kind=asr&lang=en&fmt=srv3
ep111,national,3/27/18,City to the Burbs in Boston,MA,https://www.youtube.com/api/timedtext?caps=asr&asr_langs=nl%2Cja%2Ces%2Cpt%2Cfr%2Cit%2Cde%2Cko%2Cru%2Cen&key=yttt1&expire=1524709574&v=UnJ0qpAJiU4&hl=en_GB&sparams=asr_langs%2Ccaps%2Cv%2Cxorp%2Cexpire&xorp=True&signature=34B3D67F8EDADDC5BF2279A83FFEA4C58E9CBB21.598A3026C5A5E350389BFEF18831A7B4A283E860&kind=asr&lang=en&fmt=srv3
ep112,international,8/5/18,Pick of the Litter,MX,https://www.youtube.com/api/timedtext?hl=en_GB&signature=60B73E2C8930CFD084BD7AD15F694606F755E2D8.9C3A077FE3029742DAAEF469F93D738C7FC70E8D&asr_langs=pt%2Cja%2Cen%2Cko%2Cde%2Ces%2Cit%2Cnl%2Cfr%2Cru&key=yttt1&expire=1524709610&sparams=asr_langs%2Ccaps%2Cv%2Cxorp%2Cexpire&caps=asr&xorp=True&v=fIotiZ5_3F4&kind=asr&lang=en&fmt=srv3
ep113,national,4/9/18,"Their First Home Together in Austin, Texas",TX,https://www.youtube.com/api/timedtext?hl=en_GB&asr_langs=en%2Cko%2Cru%2Cde%2Cja%2Cpt%2Cit%2Cfr%2Ces%2Cnl&signature=8AE1BD3D4FBA6607AE7C71866FEE959587910256.1E9A755A8641B7D0357A25D1B037376CA6B69C6F&expire=1524709934&key=yttt1&xorp=True&sparams=asr_langs%2Ccaps%2Cv%2Cxorp%2Cexpire&caps=asr&v=S5OtO5bAPHU&kind=asr&lang=en&fmt=srv3
ep114,national,4/6/18,Judging Condos in Tampa,FL,https://www.youtube.com/api/timedtext?expire=1524709969&caps=asr&hl=en_GB&xorp=True&signature=4053B171B0BFC94BA6B310D5DC2370E94208F4AE.23127791405AD7DA4F2B071946F6F544D9C4F4B1&v=r1fvbLOrF6A&sparams=asr_langs%2Ccaps%2Cv%2Cxorp%2Cexpire&asr_langs=ko%2Cde%2Cen%2Cpt%2Cja%2Cnl%2Cru%2Ces%2Cfr%2Cit&key=yttt1&kind=asr&lang=en&fmt=srv3
ep115,national,4/5/18, Large Space in Sioux Falls,SD,https://www.youtube.com/api/timedtext?expire=1524710021&signature=A39847DE7A8A6D59D02E022C688D102052C1DF4C.3A9C1C75F8718C5DDCB002B8197D3B3AAA72E28F&hl=en_GB&caps=asr&sparams=asr_langs%2Ccaps%2Cv%2Cxorp%2Cexpire&xorp=True&v=nnKd_u6i0RM&key=yttt1&asr_langs=en%2Cde%2Cja%2Cko%2Cfr%2Cru%2Cpt%2Cnl%2Ces%2Cit&kind=asr&lang=en&fmt=srv3
ep116,national,4/4/18,Downtown Bound in Sacramento,CA,https://www.youtube.com/api/timedtext?asr_langs=de%2Cru%2Ces%2Cja%2Cnl%2Cen%2Cpt%2Cfr%2Cit%2Cko&hl=en_GB&v=M8gACMOFDzo&signature=D3F9BB12857E9B434A14205C2A4DE8161CEDF941.31B0013A960A8017E5F69250FB976E2755D11C70&caps=asr&sparams=asr_langs%2Ccaps%2Cv%2Cxorp%2Cexpire&expire=1524710068&xorp=True&key=yttt1&kind=asr&lang=en&fmt=srv3
ep117,international,3/29/18,Getting Back to Grand Bahama Island,BS,https://www.youtube.com/api/timedtext?hl=en_GB&v=vmNCettSg50&key=yttt1&expire=1524710123&caps=asr&asr_langs=ja%2Ces%2Cit%2Cko%2Cde%2Cnl%2Cpt%2Cru%2Cen%2Cfr&xorp=True&signature=3560536F94B642DF8CCF7AAC8D5C7A88AAF47F2C.95E9EFB9BAD055D9BCC5767E58F0D73C13218D02&sparams=asr_langs%2Ccaps%2Cv%2Cxorp%2Cexpire&kind=asr&lang=en&fmt=srv3
ep118,national,3/6/18,Glitz and Glamourless,CA,https://www.youtube.com/api/timedtext?sparams=asr_langs%2Ccaps%2Cv%2Cxorp%2Cexpire&v=glZvLdwEnn0&xorp=True&expire=1524710167&signature=9DCFF7589C6ADF85817F0D5CA190EED89697200E.91C5A199771275CA89B08B140CB91ECBB576D3CF&caps=asr&hl=en_GB&key=yttt1&asr_langs=fr%2Cru%2Ces%2Cit%2Cpt%2Cen%2Cnl%2Cja%2Cde%2Cko&kind=asr&lang=en&fmt=srv3
ep119,international,2/26/18,Kendo and a PhD in Barcelona,ES,https://www.youtube.com/api/timedtext?hl=en_GB&signature=47E4A684AF96CB1F53B8AE16FA12B7650C5C9A4F.2E2B3C24DE006A318AFA1B1D0F0F750F707BE19E&key=yttt1&caps=asr&sparams=asr_langs%2Ccaps%2Cv%2Cxorp%2Cexpire&asr_langs=ru%2Cko%2Cja%2Cen%2Cde%2Cit%2Ces%2Cnl%2Cpt%2Cfr&expire=1524710207&xorp=True&v=JzwomJn63v4&kind=asr&lang=en&fmt=srv3
ep120,national,2/16/18,Family Seeks Cool Retreat in Arizona,AZ,https://www.youtube.com/api/timedtext?caps=asr&expire=1524710251&signature=1621990D2F4AAA249A5E8B165288DC1BC8140FCF.6175B26DFDB3704D7047E2DB75FBC82DF8C28062&hl=en_GB&asr_langs=de%2Cja%2Cko%2Cen%2Cit%2Ces%2Cru%2Cfr%2Cnl%2Cpt&xorp=True&sparams=asr_langs%2Ccaps%2Cv%2Cxorp%2Cexpire&v=jciSuJUZL4E&key=yttt1&kind=asr&lang=en&fmt=srv3